Barcode,Bot
s_008um_00632_00615-1,PC
s_008um_00679_00612-1,PC
s_008um_00659_00598-1,PC
s_008um_00693_00618-1,PC
s_008um_00648_00644-1,PC
s_008um_00662_00614-1,PC
s_008um_00682_00625-1,PC
s_008um_00651_00616-1,PC
s_008um_00657_00604-1,PC
s_008um_00649_00621-1,PC
s_008um_00678_00632-1,PC
s_008um_00634_00642-1,PC
s_008um_00658_00608-1,PC
s_008um_00655_00626-1,PC
s_008um_00629_00601-1,PC
s_008um_00639_00604-1,PC
s_008um_00694_00620-1,PC
s_008um_00640_00625-1,PC
s_008um_00674_00629-1,PC
s_008um_00688_00647-1,PC
s_008um_00620_00623-1,PC
s_008um_00647_00629-1,PC
s_008um_00671_00625-1,PC
s_008um_00674_00625-1,PC
s_008um_00652_00598-1,PC
s_008um_00640_00634-1,PC
s_008um_00672_00614-1,PC
s_008um_00689_00648-1,PC
s_008um_00653_00599-1,PC
s_008um_00640_00600-1,PC
s_008um_00649_00617-1,PC
s_008um_00637_00621-1,PC
s_008um_00618_00638-1,PC
s_008um_00621_00645-1,PC
s_008um_00646_00631-1,PC
s_008um_00632_00635-1,PC
s_008um_00669_00621-1,PC
s_008um_00693_00616-1,PC
s_008um_00634_00607-1,PC
s_008um_00677_00645-1,PC
s_008um_00681_00641-1,PC
s_008um_00647_00632-1,PC
s_008um_00659_00613-1,PC
s_008um_00657_00640-1,PC
s_008um_00637_00637-1,PC
s_008um_00638_00635-1,PC
s_008um_00661_00612-1,PC
s_008um_00638_00609-1,PC
s_008um_00671_00634-1,PC
s_008um_00634_00615-1,PC
s_008um_00646_00612-1,PC
s_008um_00619_00608-1,PC
s_008um_00642_00614-1,PC
s_008um_00627_00621-1,PC
s_008um_00676_00637-1,PC
s_008um_00682_00626-1,PC
s_008um_00671_00641-1,PC
s_008um_00620_00637-1,PC
s_008um_00642_00621-1,PC
s_008um_00619_00642-1,PC
s_008um_00651_00611-1,PC
s_008um_00680_00629-1,PC
s_008um_00663_00642-1,PC
s_008um_00656_00599-1,PC
s_008um_00619_00604-1,PC
s_008um_00626_00616-1,PC
s_008um_00671_00611-1,PC
s_008um_00648_00614-1,PC
s_008um_00665_00616-1,PC
s_008um_00669_00617-1,PC
s_008um_00628_00636-1,PC
s_008um_00623_00603-1,PC
s_008um_00656_00644-1,PC
s_008um_00646_00637-1,PC
s_008um_00620_00619-1,PC
s_008um_00691_00631-1,PC
s_008um_00677_00604-1,PC
s_008um_00675_00623-1,PC
s_008um_00678_00607-1,PC
s_008um_00641_00641-1,PC
s_008um_00666_00614-1,PC
s_008um_00624_00604-1,PC
s_008um_00683_00612-1,PC
s_008um_00618_00641-1,PC
s_008um_00663_00612-1,PC
s_008um_00678_00642-1,PC
s_008um_00685_00640-1,PC
s_008um_00670_00627-1,PC
s_008um_00681_00628-1,PC
s_008um_00685_00632-1,PC
s_008um_00653_00614-1,PC
s_008um_00635_00611-1,PC
s_008um_00647_00614-1,PC
s_008um_00648_00613-1,PC
s_008um_00684_00631-1,PC
s_008um_00662_00607-1,PC
s_008um_00659_00620-1,PC
s_008um_00640_00636-1,PC
s_008um_00637_00627-1,PC
s_008um_00677_00639-1,PC
s_008um_00678_00643-1,PC
s_008um_00662_00634-1,PC
s_008um_00690_00625-1,PC
s_008um_00677_00628-1,PC
s_008um_00668_00628-1,PC
s_008um_00684_00628-1,PC
s_008um_00653_00632-1,PC
s_008um_00654_00621-1,PC
s_008um_00650_00619-1,PC
s_008um_00670_00612-1,PC
s_008um_00666_00603-1,PC
s_008um_00645_00635-1,PC
s_008um_00635_00632-1,PC
s_008um_00662_00602-1,PC
s_008um_00634_00613-1,PC
s_008um_00634_00621-1,PC
s_008um_00638_00638-1,PC
s_008um_00670_00613-1,PC
s_008um_00626_00610-1,PC
s_008um_00658_00617-1,PC
s_008um_00636_00620-1,PC
s_008um_00620_00635-1,PC
s_008um_00679_00643-1,PC
s_008um_00691_00619-1,PC
s_008um_00666_00606-1,PC
s_008um_00675_00618-1,PC
s_008um_00675_00626-1,PC
s_008um_00630_00613-1,PC
s_008um_00627_00635-1,PC
s_008um_00670_00644-1,PC
s_008um_00627_00631-1,PC
s_008um_00666_00632-1,PC
s_008um_00633_00632-1,PC
s_008um_00662_00611-1,PC
s_008um_00627_00617-1,PC
s_008um_00619_00606-1,PC
s_008um_00677_00608-1,PC
s_008um_00686_00630-1,PC
s_008um_00669_00616-1,PC
s_008um_00689_00623-1,PC
s_008um_00629_00602-1,PC
s_008um_00628_00601-1,PC
s_008um_00665_00638-1,PC
s_008um_00648_00620-1,PC
s_008um_00638_00602-1,PC
s_008um_00649_00631-1,PC
s_008um_00648_00608-1,PC
s_008um_00651_00638-1,PC
s_008um_00682_00623-1,PC
s_008um_00619_00629-1,PC
s_008um_00647_00603-1,PC
s_008um_00643_00606-1,PC
s_008um_00691_00614-1,PC
s_008um_00687_00642-1,PC
s_008um_00654_00637-1,PC
s_008um_00668_00635-1,PC
s_008um_00631_00624-1,PC
s_008um_00686_00618-1,PC
s_008um_00683_00626-1,PC
s_008um_00673_00634-1,PC
s_008um_00678_00615-1,PC
s_008um_00636_00604-1,PC
s_008um_00653_00605-1,PC
s_008um_00689_00614-1,PC
s_008um_00639_00641-1,PC
s_008um_00657_00606-1,PC
s_008um_00631_00641-1,PC
s_008um_00692_00620-1,PC
s_008um_00644_00632-1,PC
s_008um_00645_00622-1,PC
s_008um_00619_00610-1,PC
s_008um_00628_00642-1,PC
s_008um_00667_00623-1,PC
s_008um_00672_00604-1,PC
s_008um_00631_00608-1,PC
s_008um_00622_00639-1,PC
s_008um_00673_00620-1,PC
s_008um_00687_00614-1,PC
s_008um_00633_00618-1,PC
s_008um_00628_00633-1,PC
s_008um_00679_00618-1,PC
s_008um_00644_00621-1,PC
s_008um_00629_00639-1,PC
s_008um_00681_00646-1,PC
s_008um_00628_00624-1,PC
s_008um_00650_00638-1,PC
s_008um_00623_00604-1,PC
s_008um_00670_00605-1,PC
s_008um_00627_00636-1,PC
s_008um_00660_00621-1,PC
s_008um_00652_00637-1,PC
s_008um_00622_00610-1,PC
s_008um_00672_00645-1,PC
s_008um_00664_00630-1,PC
s_008um_00627_00643-1,PC
s_008um_00647_00635-1,PC
s_008um_00634_00641-1,PC
s_008um_00646_00635-1,PC
s_008um_00640_00612-1,PC
s_008um_00681_00622-1,PC
s_008um_00639_00605-1,PC
s_008um_00681_00615-1,PC
s_008um_00692_00631-1,PC
s_008um_00665_00625-1,PC
s_008um_00674_00603-1,PC
s_008um_00666_00613-1,PC
s_008um_00660_00611-1,PC
s_008um_00679_00638-1,PC
s_008um_00661_00603-1,PC
s_008um_00672_00627-1,PC
s_008um_00679_00616-1,PC
s_008um_00672_00625-1,PC
s_008um_00648_00629-1,PC
s_008um_00675_00644-1,PC
s_008um_00657_00639-1,PC
s_008um_00625_00615-1,PC
s_008um_00640_00626-1,PC
s_008um_00686_00619-1,PC
s_008um_00637_00638-1,PC
s_008um_00629_00624-1,PC
s_008um_00649_00611-1,PC
s_008um_00677_00610-1,PC
s_008um_00631_00618-1,PC
s_008um_00681_00626-1,PC
s_008um_00659_00607-1,PC
s_008um_00639_00606-1,PC
s_008um_00638_00612-1,PC
s_008um_00625_00610-1,PC
s_008um_00672_00602-1,PC
s_008um_00664_00628-1,PC
s_008um_00621_00613-1,PC
s_008um_00659_00622-1,PC
s_008um_00676_00606-1,PC
s_008um_00684_00624-1,PC
s_008um_00656_00637-1,PC
s_008um_00619_00633-1,PC
s_008um_00623_00605-1,PC
s_008um_00658_00606-1,PC
s_008um_00635_00638-1,PC
s_008um_00677_00631-1,PC
s_008um_00687_00647-1,PC
s_008um_00688_00646-1,PC
s_008um_00653_00607-1,PC
s_008um_00634_00637-1,PC
s_008um_00664_00637-1,PC
s_008um_00619_00619-1,PC
s_008um_00691_00644-1,PC
s_008um_00626_00618-1,PC
s_008um_00629_00638-1,PC
s_008um_00678_00629-1,PC
s_008um_00686_00610-1,PC
s_008um_00671_00642-1,PC
s_008um_00668_00640-1,PC
s_008um_00686_00638-1,PC
s_008um_00670_00615-1,PC
s_008um_00665_00617-1,PC
s_008um_00642_00601-1,PC
s_008um_00662_00636-1,PC
s_008um_00677_00620-1,PC
s_008um_00675_00629-1,PC
s_008um_00690_00626-1,PC
s_008um_00627_00601-1,PC
s_008um_00622_00635-1,PC
s_008um_00624_00602-1,PC
s_008um_00622_00638-1,PC
s_008um_00618_00643-1,PC
s_008um_00689_00613-1,PC
s_008um_00628_00622-1,PC
s_008um_00685_00631-1,PC
s_008um_00672_00613-1,PC
s_008um_00649_00634-1,PC
s_008um_00623_00631-1,PC
s_008um_00629_00611-1,PC
s_008um_00646_00632-1,PC
s_008um_00648_00604-1,PC
s_008um_00689_00618-1,PC
s_008um_00661_00613-1,PC
s_008um_00678_00631-1,PC
s_008um_00659_00642-1,PC
s_008um_00688_00640-1,PC
s_008um_00694_00615-1,PC
s_008um_00678_00633-1,PC
s_008um_00633_00615-1,PC
s_008um_00638_00639-1,PC
s_008um_00642_00600-1,PC
s_008um_00624_00621-1,PC
s_008um_00681_00637-1,PC
s_008um_00664_00603-1,PC
s_008um_00627_00603-1,PC
s_008um_00666_00633-1,PC
s_008um_00657_00624-1,PC
s_008um_00678_00646-1,PC
s_008um_00619_00620-1,PC
s_008um_00672_00617-1,PC
s_008um_00635_00619-1,PC
s_008um_00631_00622-1,PC
s_008um_00620_00629-1,PC
s_008um_00684_00636-1,PC
s_008um_00681_00609-1,PC
s_008um_00684_00615-1,PC
s_008um_00682_00621-1,PC
s_008um_00673_00617-1,PC
s_008um_00651_00641-1,PC
s_008um_00680_00631-1,PC
s_008um_00624_00631-1,PC
s_008um_00681_00618-1,PC
s_008um_00676_00616-1,PC
s_008um_00644_00627-1,PC
s_008um_00668_00627-1,PC
s_008um_00658_00628-1,PC
s_008um_00683_00632-1,PC
s_008um_00669_00623-1,PC
s_008um_00686_00648-1,PC
s_008um_00650_00615-1,PC
s_008um_00652_00630-1,PC
s_008um_00642_00608-1,PC
s_008um_00635_00628-1,PC
s_008um_00637_00644-1,PC
s_008um_00664_00646-1,PC
s_008um_00636_00642-1,PC
s_008um_00685_00626-1,PC
s_008um_00676_00608-1,PC
s_008um_00688_00642-1,PC
s_008um_00629_00620-1,PC
s_008um_00656_00620-1,PC
s_008um_00631_00643-1,PC
s_008um_00624_00606-1,PC
s_008um_00647_00631-1,PC
s_008um_00688_00613-1,PC
s_008um_00653_00613-1,PC
s_008um_00671_00616-1,PC
s_008um_00690_00622-1,PC
s_008um_00648_00633-1,PC
s_008um_00650_00630-1,PC
s_008um_00636_00644-1,PC
s_008um_00671_00646-1,PC
s_008um_00658_00629-1,PC
s_008um_00679_00641-1,PC
s_008um_00649_00642-1,PC
s_008um_00676_00643-1,PC
s_008um_00690_00631-1,PC
s_008um_00668_00616-1,PC
s_008um_00627_00623-1,PC
s_008um_00681_00612-1,PC
s_008um_00652_00601-1,PC
s_008um_00664_00639-1,PC
s_008um_00643_00630-1,PC
s_008um_00662_00599-1,PC
s_008um_00659_00632-1,PC
s_008um_00692_00639-1,PC
s_008um_00623_00609-1,PC
s_008um_00669_00612-1,PC
s_008um_00645_00617-1,PC
s_008um_00643_00598-1,PC
s_008um_00633_00634-1,PC
s_008um_00676_00609-1,PC
s_008um_00645_00638-1,PC
s_008um_00668_00643-1,PC
s_008um_00645_00611-1,PC
s_008um_00623_00643-1,PC
s_008um_00691_00615-1,PC
s_008um_00677_00632-1,PC
s_008um_00644_00640-1,PC
s_008um_00680_00630-1,PC
s_008um_00656_00615-1,PC
s_008um_00684_00635-1,PC
s_008um_00653_00600-1,PC
s_008um_00653_00633-1,PC
s_008um_00647_00633-1,PC
s_008um_00669_00606-1,PC
s_008um_00635_00615-1,PC
s_008um_00686_00621-1,PC
s_008um_00681_00645-1,PC
s_008um_00682_00646-1,PC
s_008um_00634_00620-1,PC
s_008um_00651_00644-1,PC
s_008um_00653_00611-1,PC
s_008um_00634_00616-1,PC
s_008um_00655_00610-1,PC
s_008um_00686_00612-1,PC
s_008um_00670_00602-1,PC
s_008um_00640_00598-1,PC
s_008um_00683_00610-1,PC
s_008um_00662_00632-1,PC
s_008um_00658_00638-1,PC
s_008um_00680_00623-1,PC
s_008um_00645_00603-1,PC
s_008um_00635_00635-1,PC
s_008um_00630_00628-1,PC
s_008um_00633_00607-1,PC
s_008um_00668_00605-1,PC
s_008um_00663_00606-1,PC
s_008um_00651_00599-1,PC
s_008um_00645_00598-1,PC
s_008um_00654_00610-1,PC
s_008um_00623_00635-1,PC
s_008um_00676_00619-1,PC
s_008um_00645_00636-1,PC
s_008um_00639_00599-1,PC
s_008um_00659_00634-1,PC
s_008um_00647_00605-1,PC
s_008um_00650_00605-1,PC
s_008um_00626_00634-1,PC
s_008um_00680_00616-1,PC
s_008um_00681_00647-1,PC
s_008um_00637_00609-1,PC
s_008um_00628_00615-1,PC
s_008um_00648_00617-1,PC
s_008um_00635_00605-1,PC
s_008um_00682_00628-1,PC
s_008um_00687_00626-1,PC
s_008um_00649_00624-1,PC
s_008um_00641_00637-1,PC
s_008um_00693_00617-1,PC
s_008um_00650_00613-1,PC
s_008um_00687_00644-1,PC
s_008um_00678_00610-1,PC
s_008um_00660_00622-1,PC
s_008um_00666_00625-1,PC
s_008um_00675_00612-1,PC
s_008um_00636_00617-1,PC
s_008um_00621_00632-1,PC
s_008um_00693_00639-1,PC
s_008um_00663_00643-1,PC
s_008um_00635_00616-1,PC
s_008um_00658_00630-1,PC
s_008um_00638_00636-1,PC
s_008um_00671_00615-1,PC
s_008um_00691_00618-1,PC
s_008um_00685_00609-1,PC
s_008um_00667_00618-1,PC
s_008um_00632_00629-1,PC
s_008um_00627_00622-1,PC
s_008um_00650_00600-1,PC
s_008um_00690_00636-1,PC
s_008um_00674_00608-1,PC
s_008um_00685_00647-1,PC
s_008um_00660_00626-1,PC
s_008um_00625_00620-1,PC
s_008um_00636_00610-1,PC
s_008um_00665_00605-1,PC
s_008um_00654_00619-1,PC
s_008um_00620_00607-1,PC
s_008um_00648_00606-1,PC
s_008um_00675_00621-1,PC
s_008um_00695_00616-1,PC
s_008um_00693_00644-1,PC
s_008um_00671_00644-1,PC
s_008um_00675_00622-1,PC
s_008um_00635_00608-1,PC
s_008um_00644_00608-1,PC
s_008um_00651_00618-1,PC
s_008um_00623_00638-1,PC
s_008um_00637_00600-1,PC
s_008um_00641_00604-1,PC
s_008um_00630_00606-1,PC
s_008um_00646_00613-1,PC
s_008um_00630_00614-1,PC
s_008um_00680_00624-1,PC
s_008um_00648_00622-1,PC
s_008um_00649_00598-1,PC
s_008um_00625_00602-1,PC
s_008um_00621_00628-1,PC
s_008um_00652_00641-1,PC
s_008um_00674_00628-1,PC
s_008um_00666_00636-1,PC
s_008um_00672_00619-1,PC
s_008um_00657_00626-1,PC
s_008um_00641_00598-1,PC
s_008um_00676_00615-1,PC
s_008um_00663_00625-1,PC
s_008um_00648_00645-1,PC
s_008um_00680_00647-1,PC
s_008um_00643_00607-1,PC
s_008um_00650_00626-1,PC
s_008um_00619_00612-1,PC
s_008um_00681_00636-1,PC
s_008um_00622_00637-1,PC
s_008um_00640_00632-1,PC
s_008um_00684_00646-1,PC
s_008um_00636_00623-1,PC
s_008um_00683_00613-1,PC
s_008um_00673_00644-1,PC
s_008um_00662_00624-1,PC
s_008um_00685_00613-1,PC
s_008um_00621_00603-1,PC
s_008um_00634_00608-1,PC
s_008um_00652_00600-1,PC
s_008um_00647_00625-1,PC
s_008um_00661_00602-1,PC
s_008um_00665_00629-1,PC
s_008um_00625_00632-1,PC
s_008um_00637_00613-1,PC
s_008um_00644_00641-1,PC
s_008um_00687_00617-1,PC
s_008um_00659_00628-1,PC
s_008um_00647_00622-1,PC
s_008um_00633_00637-1,PC
s_008um_00654_00643-1,PC
s_008um_00653_00626-1,PC
s_008um_00652_00604-1,PC
s_008um_00641_00606-1,PC
s_008um_00635_00627-1,PC
s_008um_00670_00608-1,PC
s_008um_00631_00638-1,PC
s_008um_00660_00599-1,PC
s_008um_00658_00618-1,PC
s_008um_00663_00620-1,PC
s_008um_00683_00643-1,PC
s_008um_00652_00626-1,PC
s_008um_00646_00604-1,PC
s_008um_00662_00608-1,PC
s_008um_00639_00624-1,PC
s_008um_00687_00645-1,PC
s_008um_00640_00611-1,PC
s_008um_00675_00627-1,PC
s_008um_00690_00624-1,PC
s_008um_00621_00617-1,PC
s_008um_00663_00623-1,PC
s_008um_00693_00626-1,PC
s_008um_00663_00636-1,PC
s_008um_00619_00622-1,PC
s_008um_00677_00607-1,PC
s_008um_00652_00638-1,PC
s_008um_00623_00626-1,PC
s_008um_00658_00620-1,PC
s_008um_00678_00634-1,PC
s_008um_00686_00611-1,PC
s_008um_00639_00644-1,PC
s_008um_00678_00620-1,PC
s_008um_00624_00628-1,PC
s_008um_00651_00603-1,PC
s_008um_00648_00625-1,PC
s_008um_00673_00603-1,PC
s_008um_00669_00646-1,PC
s_008um_00624_00636-1,PC
s_008um_00654_00622-1,PC
s_008um_00654_00611-1,PC
s_008um_00675_00628-1,PC
s_008um_00642_00609-1,PC
s_008um_00646_00643-1,PC
s_008um_00632_00599-1,PC
s_008um_00667_00642-1,PC
s_008um_00687_00611-1,PC
s_008um_00629_00614-1,PC
s_008um_00621_00607-1,PC
s_008um_00629_00623-1,PC
s_008um_00678_00622-1,PC
s_008um_00663_00605-1,PC
s_008um_00620_00618-1,PC
s_008um_00635_00621-1,PC
s_008um_00656_00633-1,PC
s_008um_00623_00607-1,PC
s_008um_00620_00600-1,PC
s_008um_00650_00624-1,PC
s_008um_00629_00608-1,PC
s_008um_00641_00620-1,PC
s_008um_00653_00628-1,PC
s_008um_00663_00640-1,PC
s_008um_00666_00599-1,PC
s_008um_00626_00600-1,PC
s_008um_00636_00628-1,PC
s_008um_00622_00605-1,PC
s_008um_00672_00616-1,PC
s_008um_00647_00617-1,PC
s_008um_00629_00615-1,PC
s_008um_00650_00617-1,PC
s_008um_00651_00620-1,PC
s_008um_00649_00599-1,PC
s_008um_00682_00618-1,PC
s_008um_00653_00617-1,PC
s_008um_00657_00613-1,PC
s_008um_00656_00645-1,PC
s_008um_00652_00609-1,PC
s_008um_00691_00616-1,PC
s_008um_00651_00642-1,PC
s_008um_00674_00618-1,PC
s_008um_00655_00631-1,PC
s_008um_00624_00639-1,PC
s_008um_00634_00622-1,PC
s_008um_00665_00624-1,PC
s_008um_00685_00633-1,PC
s_008um_00692_00632-1,PC
s_008um_00621_00634-1,PC
s_008um_00646_00615-1,PC
s_008um_00649_00630-1,PC
s_008um_00655_00607-1,PC
s_008um_00678_00640-1,PC
s_008um_00632_00621-1,PC
s_008um_00633_00612-1,PC
s_008um_00638_00603-1,PC
s_008um_00667_00612-1,PC
s_008um_00657_00621-1,PC
s_008um_00633_00624-1,PC
s_008um_00640_00613-1,PC
s_008um_00658_00623-1,PC
s_008um_00656_00628-1,PC
s_008um_00670_00616-1,PC
s_008um_00688_00643-1,PC
s_008um_00643_00614-1,PC
s_008um_00630_00611-1,PC
s_008um_00661_00625-1,PC
s_008um_00647_00602-1,PC
s_008um_00657_00643-1,PC
s_008um_00657_00603-1,PC
s_008um_00692_00629-1,PC
s_008um_00687_00618-1,PC
s_008um_00670_00630-1,PC
s_008um_00655_00601-1,PC
s_008um_00689_00643-1,PC
s_008um_00666_00640-1,PC
s_008um_00638_00615-1,PC
s_008um_00689_00636-1,PC
s_008um_00652_00625-1,PC
s_008um_00692_00618-1,PC
s_008um_00685_00637-1,PC
s_008um_00672_00609-1,PC
s_008um_00691_00623-1,PC
s_008um_00679_00620-1,PC
s_008um_00662_00606-1,PC
s_008um_00635_00612-1,PC
s_008um_00660_00643-1,PC
s_008um_00668_00618-1,PC
s_008um_00631_00627-1,PC
s_008um_00677_00637-1,PC
s_008um_00656_00641-1,PC
s_008um_00676_00621-1,PC
s_008um_00688_00634-1,PC
s_008um_00692_00621-1,PC
s_008um_00619_00626-1,PC
s_008um_00619_00625-1,PC
s_008um_00678_00617-1,PC
s_008um_00651_00605-1,PC
s_008um_00635_00599-1,PC
s_008um_00652_00632-1,PC
s_008um_00658_00615-1,PC
s_008um_00635_00641-1,PC
s_008um_00689_00612-1,PC
s_008um_00644_00607-1,PC
s_008um_00686_00613-1,PC
s_008um_00621_00626-1,PC
s_008um_00663_00619-1,PC
s_008um_00641_00614-1,PC
s_008um_00651_00636-1,PC
s_008um_00652_00644-1,PC
s_008um_00632_00600-1,PC
s_008um_00644_00634-1,PC
s_008um_00647_00620-1,PC
s_008um_00634_00600-1,PC
s_008um_00657_00629-1,PC
s_008um_00688_00625-1,PC
s_008um_00623_00622-1,PC
s_008um_00670_00606-1,PC
s_008um_00675_00632-1,PC
s_008um_00668_00623-1,PC
s_008um_00649_00635-1,PC
s_008um_00663_00607-1,PC
s_008um_00690_00633-1,PC
s_008um_00648_00630-1,PC
s_008um_00669_00640-1,PC
s_008um_00689_00621-1,PC
s_008um_00643_00628-1,PC
s_008um_00680_00606-1,PC
s_008um_00650_00641-1,PC
s_008um_00681_00638-1,PC
s_008um_00684_00647-1,PC
s_008um_00690_00638-1,PC
s_008um_00672_00605-1,PC
s_008um_00642_00630-1,PC
s_008um_00663_00638-1,PC
s_008um_00659_00611-1,PC
s_008um_00680_00610-1,PC
s_008um_00633_00606-1,PC
s_008um_00689_00626-1,PC
s_008um_00624_00637-1,PC
s_008um_00686_00616-1,PC
s_008um_00692_00647-1,PC
s_008um_00626_00599-1,PC
s_008um_00645_00606-1,PC
s_008um_00627_00637-1,PC
s_008um_00626_00609-1,PC
s_008um_00695_00618-1,PC
s_008um_00620_00631-1,PC
s_008um_00634_00606-1,PC
s_008um_00622_00608-1,PC
s_008um_00651_00606-1,PC
s_008um_00678_00639-1,PC
s_008um_00659_00619-1,PC
s_008um_00667_00644-1,PC
s_008um_00623_00614-1,PC
s_008um_00641_00636-1,PC
s_008um_00669_00615-1,PC
s_008um_00676_00604-1,PC
s_008um_00669_00627-1,PC
s_008um_00658_00616-1,PC
s_008um_00655_00636-1,PC
s_008um_00634_00633-1,PC
s_008um_00641_00626-1,PC
s_008um_00624_00612-1,PC
s_008um_00674_00645-1,PC
s_008um_00619_00624-1,PC
s_008um_00623_00645-1,PC
s_008um_00659_00635-1,PC
s_008um_00689_00639-1,PC
s_008um_00649_00638-1,PC
s_008um_00620_00639-1,PC
s_008um_00632_00619-1,PC
s_008um_00657_00631-1,PC
s_008um_00674_00610-1,PC
s_008um_00646_00634-1,PC
s_008um_00682_00642-1,PC
s_008um_00636_00608-1,PC
s_008um_00645_00624-1,PC
s_008um_00645_00644-1,PC
s_008um_00627_00630-1,PC
s_008um_00674_00643-1,PC
s_008um_00643_00639-1,PC
s_008um_00687_00643-1,PC
s_008um_00651_00602-1,PC
s_008um_00668_00599-1,PC
s_008um_00651_00624-1,PC
s_008um_00631_00607-1,PC
s_008um_00659_00639-1,PC
s_008um_00685_00643-1,PC
s_008um_00655_00620-1,PC
s_008um_00655_00613-1,PC
s_008um_00659_00625-1,PC
s_008um_00628_00613-1,PC
s_008um_00689_00625-1,PC
s_008um_00620_00609-1,PC
s_008um_00620_00626-1,PC
s_008um_00646_00609-1,PC
s_008um_00657_00611-1,PC
s_008um_00630_00626-1,PC
s_008um_00625_00626-1,PC
s_008um_00675_00635-1,PC
s_008um_00658_00641-1,PC
s_008um_00674_00624-1,PC
s_008um_00642_00641-1,PC
s_008um_00682_00616-1,PC
s_008um_00653_00606-1,PC
s_008um_00633_00608-1,PC
s_008um_00647_00604-1,PC
s_008um_00654_00617-1,PC
s_008um_00678_00625-1,PC
s_008um_00642_00615-1,PC
s_008um_00634_00599-1,PC
s_008um_00632_00636-1,PC
s_008um_00638_00617-1,PC
s_008um_00628_00625-1,PC
s_008um_00660_00602-1,PC
s_008um_00669_00622-1,PC
s_008um_00654_00601-1,PC
s_008um_00629_00609-1,PC
s_008um_00623_00632-1,PC
s_008um_00623_00618-1,PC
s_008um_00660_00633-1,PC
s_008um_00632_00628-1,PC
s_008um_00625_00636-1,PC
s_008um_00672_00607-1,PC
s_008um_00672_00641-1,PC
s_008um_00657_00600-1,PC
s_008um_00621_00638-1,PC
s_008um_00624_00619-1,PC
s_008um_00663_00599-1,PC
s_008um_00661_00623-1,PC
s_008um_00661_00635-1,PC
s_008um_00622_00625-1,PC
s_008um_00683_00623-1,PC
s_008um_00683_00631-1,PC
s_008um_00616_00635-1,PC
s_008um_00658_00621-1,PC
s_008um_00617_00638-1,PC
s_008um_00631_00634-1,PC
s_008um_00668_00633-1,PC
s_008um_00623_00623-1,PC
s_008um_00620_00603-1,PC
s_008um_00630_00629-1,PC
s_008um_00673_00625-1,PC
s_008um_00644_00612-1,PC
s_008um_00642_00613-1,PC
s_008um_00628_00626-1,PC
s_008um_00634_00601-1,PC
s_008um_00682_00644-1,PC
s_008um_00688_00635-1,PC
s_008um_00683_00627-1,PC
s_008um_00653_00620-1,PC
s_008um_00625_00641-1,PC
s_008um_00622_00645-1,PC
s_008um_00629_00607-1,PC
s_008um_00665_00619-1,PC
s_008um_00627_00624-1,PC
s_008um_00637_00633-1,PC
s_008um_00687_00637-1,PC
s_008um_00684_00621-1,PC
s_008um_00666_00644-1,PC
s_008um_00664_00629-1,PC
s_008um_00665_00627-1,PC
s_008um_00687_00619-1,PC
s_008um_00644_00598-1,PC
s_008um_00693_00633-1,PC
s_008um_00684_00614-1,PC
s_008um_00675_00614-1,PC
s_008um_00653_00621-1,PC
s_008um_00657_00625-1,PC
s_008um_00632_00638-1,PC
s_008um_00621_00623-1,PC
s_008um_00679_00628-1,PC
s_008um_00666_00607-1,PC
s_008um_00643_00616-1,PC
s_008um_00642_00603-1,PC
s_008um_00623_00617-1,PC
s_008um_00665_00621-1,PC
s_008um_00660_00619-1,PC
s_008um_00642_00627-1,PC
s_008um_00629_00640-1,PC
s_008um_00618_00629-1,PC
s_008um_00658_00622-1,PC
s_008um_00667_00606-1,PC
s_008um_00648_00605-1,PC
s_008um_00655_00623-1,PC
s_008um_00629_00630-1,PC
s_008um_00645_00621-1,PC
s_008um_00622_00644-1,PC
s_008um_00642_00610-1,PC
s_008um_00647_00640-1,PC
s_008um_00644_00637-1,PC
s_008um_00621_00605-1,PC
s_008um_00687_00613-1,PC
s_008um_00639_00626-1,PC
s_008um_00622_00607-1,PC
s_008um_00633_00633-1,PC
s_008um_00664_00626-1,PC
s_008um_00651_00600-1,PC
s_008um_00653_00624-1,PC
s_008um_00648_00621-1,PC
s_008um_00684_00642-1,PC
s_008um_00666_00617-1,PC
s_008um_00686_00626-1,PC
s_008um_00670_00636-1,PC
s_008um_00650_00608-1,PC
s_008um_00673_00636-1,PC
s_008um_00673_00631-1,PC
s_008um_00669_00642-1,PC
s_008um_00694_00623-1,PC
s_008um_00660_00640-1,PC
s_008um_00668_00606-1,PC
s_008um_00659_00605-1,PC
s_008um_00637_00623-1,PC
s_008um_00619_00614-1,PC
s_008um_00693_00640-1,PC
s_008um_00680_00607-1,PC
s_008um_00627_00610-1,PC
s_008um_00656_00617-1,PC
s_008um_00693_00634-1,PC
s_008um_00662_00600-1,PC
s_008um_00673_00608-1,PC
s_008um_00685_00615-1,PC
s_008um_00657_00609-1,PC
s_008um_00636_00640-1,PC
s_008um_00620_00640-1,PC
s_008um_00693_00623-1,PC
s_008um_00667_00609-1,PC
s_008um_00623_00601-1,PC
s_008um_00664_00640-1,PC
s_008um_00636_00638-1,PC
s_008um_00621_00620-1,PC
s_008um_00624_00629-1,PC
s_008um_00630_00616-1,PC
s_008um_00650_00606-1,PC
s_008um_00656_00609-1,PC
s_008um_00665_00599-1,PC
s_008um_00642_00612-1,PC
s_008um_00644_00600-1,PC
s_008um_00624_00600-1,PC
s_008um_00628_00617-1,PC
s_008um_00679_00636-1,PC
s_008um_00661_00633-1,PC
s_008um_00675_00642-1,PC
s_008um_00681_00634-1,PC
s_008um_00674_00620-1,PC
s_008um_00642_00623-1,PC
s_008um_00626_00629-1,PC
s_008um_00694_00622-1,PC
s_008um_00673_00612-1,PC
s_008um_00645_00626-1,PC
s_008um_00661_00624-1,PC
s_008um_00685_00625-1,PC
s_008um_00666_00634-1,PC
s_008um_00625_00617-1,PC
s_008um_00677_00619-1,PC
s_008um_00690_00648-1,PC
s_008um_00648_00609-1,PC
s_008um_00667_00646-1,PC
s_008um_00683_00641-1,PC
s_008um_00667_00627-1,PC
s_008um_00650_00635-1,PC
s_008um_00676_00632-1,PC
s_008um_00628_00644-1,PC
s_008um_00630_00610-1,PC
s_008um_00617_00634-1,PC
s_008um_00658_00639-1,PC
s_008um_00692_00638-1,PC
s_008um_00644_00625-1,PC
s_008um_00642_00634-1,PC
s_008um_00663_00637-1,PC
s_008um_00633_00625-1,PC
s_008um_00662_00620-1,PC
s_008um_00654_00630-1,PC
s_008um_00632_00606-1,PC
s_008um_00621_00641-1,PC
s_008um_00688_00615-1,PC
s_008um_00656_00626-1,PC
s_008um_00639_00622-1,PC
s_008um_00656_00624-1,PC
s_008um_00619_00630-1,PC
s_008um_00648_00632-1,PC
s_008um_00621_00611-1,PC
s_008um_00643_00644-1,PC
s_008um_00627_00620-1,PC
s_008um_00622_00626-1,PC
s_008um_00630_00631-1,PC
s_008um_00642_00643-1,PC
s_008um_00641_00607-1,PC
s_008um_00625_00606-1,PC
s_008um_00664_00602-1,PC
s_008um_00667_00619-1,PC
s_008um_00680_00632-1,PC
s_008um_00689_00646-1,PC
s_008um_00692_00630-1,PC
s_008um_00626_00635-1,PC
s_008um_00638_00643-1,PC
s_008um_00641_00627-1,PC
s_008um_00681_00611-1,PC
s_008um_00678_00606-1,PC
s_008um_00676_00634-1,PC
s_008um_00649_00639-1,PC
s_008um_00630_00603-1,PC
s_008um_00648_00612-1,PC
s_008um_00689_00637-1,PC
s_008um_00653_00644-1,PC
s_008um_00628_00629-1,PC
s_008um_00661_00631-1,PC
s_008um_00659_00633-1,PC
s_008um_00630_00604-1,PC
s_008um_00675_00615-1,PC
s_008um_00664_00616-1,PC
s_008um_00669_00639-1,PC
s_008um_00690_00614-1,PC
s_008um_00623_00615-1,PC
s_008um_00683_00625-1,PC
s_008um_00654_00603-1,PC
s_008um_00667_00635-1,PC
s_008um_00668_00614-1,PC
s_008um_00661_00600-1,PC
s_008um_00625_00604-1,PC
s_008um_00620_00620-1,PC
s_008um_00674_00631-1,PC
s_008um_00629_00605-1,PC
s_008um_00642_00636-1,PC
s_008um_00645_00620-1,PC
s_008um_00648_00640-1,PC
s_008um_00664_00636-1,PC
s_008um_00639_00633-1,PC
s_008um_00641_00633-1,PC
s_008um_00691_00629-1,PC
s_008um_00653_00640-1,PC
s_008um_00660_00638-1,PC
s_008um_00640_00631-1,PC
s_008um_00684_00634-1,PC
s_008um_00653_00623-1,PC
s_008um_00657_00616-1,PC
s_008um_00630_00630-1,PC
s_008um_00647_00611-1,PC
s_008um_00645_00628-1,PC
s_008um_00678_00614-1,PC
s_008um_00639_00643-1,PC
s_008um_00662_00629-1,PC
s_008um_00658_00636-1,PC
s_008um_00633_00638-1,PC
s_008um_00682_00647-1,PC
s_008um_00639_00615-1,PC
s_008um_00693_00622-1,PC
s_008um_00660_00603-1,PC
s_008um_00668_00629-1,PC
s_008um_00666_00635-1,PC
s_008um_00660_00627-1,PC
s_008um_00687_00646-1,PC
s_008um_00638_00641-1,PC
s_008um_00655_00624-1,PC
s_008um_00693_00629-1,PC
s_008um_00623_00637-1,PC
s_008um_00670_00604-1,PC
s_008um_00656_00640-1,PC
s_008um_00685_00644-1,PC
s_008um_00629_00635-1,PC
s_008um_00658_00631-1,PC
s_008um_00658_00613-1,PC
s_008um_00690_00647-1,PC
s_008um_00671_00628-1,PC
s_008um_00646_00644-1,PC
s_008um_00692_00615-1,PC
s_008um_00659_00612-1,PC
s_008um_00649_00605-1,PC
s_008um_00669_00601-1,PC
s_008um_00630_00623-1,PC
s_008um_00659_00614-1,PC
s_008um_00672_00610-1,PC
s_008um_00619_00621-1,PC
s_008um_00642_00638-1,PC
s_008um_00626_00620-1,PC
s_008um_00638_00598-1,PC
s_008um_00672_00643-1,PC
s_008um_00633_00601-1,PC
s_008um_00650_00614-1,PC
s_008um_00642_00632-1,PC
s_008um_00646_00619-1,PC
s_008um_00689_00640-1,PC
s_008um_00664_00614-1,PC
s_008um_00656_00618-1,PC
s_008um_00669_00629-1,PC
s_008um_00626_00607-1,PC
s_008um_00646_00623-1,PC
s_008um_00693_00620-1,PC
s_008um_00675_00603-1,PC
s_008um_00636_00599-1,PC
s_008um_00692_00637-1,PC
s_008um_00619_00636-1,PC
s_008um_00673_00633-1,PC
s_008um_00679_00631-1,PC
s_008um_00666_00611-1,PC
s_008um_00638_00608-1,PC
s_008um_00657_00608-1,PC
s_008um_00690_00619-1,PC
s_008um_00644_00606-1,PC
s_008um_00629_00617-1,PC
s_008um_00688_00648-1,PC
s_008um_00636_00634-1,PC
s_008um_00633_00604-1,PC
s_008um_00691_00637-1,PC
s_008um_00649_00643-1,PC
s_008um_00631_00632-1,PC
s_008um_00675_00605-1,PC
s_008um_00654_00635-1,PC
s_008um_00655_00635-1,PC
s_008um_00664_00625-1,PC
s_008um_00661_00610-1,PC
s_008um_00670_00611-1,PC
s_008um_00661_00606-1,PC
s_008um_00626_00639-1,PC
s_008um_00628_00641-1,PC
s_008um_00655_00640-1,PC
s_008um_00656_00630-1,PC
s_008um_00649_00628-1,PC
s_008um_00620_00641-1,PC
s_008um_00659_00636-1,PC
s_008um_00637_00601-1,PC
s_008um_00690_00630-1,PC
s_008um_00635_00633-1,PC
s_008um_00650_00610-1,PC
s_008um_00690_00644-1,PC
s_008um_00663_00611-1,PC
s_008um_00663_00608-1,PC
s_008um_00679_00624-1,PC
s_008um_00664_00641-1,PC
s_008um_00649_00641-1,PC
s_008um_00690_00635-1,PC
s_008um_00655_00628-1,PC
s_008um_00666_00638-1,PC
s_008um_00652_00627-1,PC
s_008um_00646_00598-1,PC
s_008um_00628_00602-1,PC
s_008um_00687_00622-1,PC
s_008um_00676_00630-1,PC
s_008um_00626_00602-1,PC
s_008um_00661_00617-1,PC
s_008um_00624_00643-1,PC
s_008um_00679_00611-1,PC
s_008um_00684_00640-1,PC
s_008um_00662_00604-1,PC
s_008um_00689_00635-1,PC
s_008um_00644_00630-1,PC
s_008um_00688_00620-1,PC
s_008um_00673_00639-1,PC
s_008um_00685_00610-1,PC
s_008um_00654_00616-1,PC
s_008um_00649_00637-1,PC
s_008um_00666_00637-1,PC
s_008um_00652_00599-1,PC
s_008um_00636_00600-1,PC
s_008um_00645_00631-1,PC
s_008um_00692_00643-1,PC
s_008um_00679_00619-1,PC
s_008um_00686_00641-1,PC
s_008um_00625_00639-1,PC
s_008um_00642_00637-1,PC
s_008um_00654_00620-1,PC
s_008um_00622_00619-1,PC
s_008um_00693_00627-1,PC
s_008um_00658_00645-1,PC
s_008um_00639_00638-1,PC
s_008um_00626_00624-1,PC
s_008um_00650_00621-1,PC
s_008um_00672_00642-1,PC
s_008um_00680_00614-1,PC
s_008um_00632_00614-1,PC
s_008um_00668_00636-1,PC
s_008um_00625_00643-1,PC
s_008um_00654_00632-1,PC
s_008um_00623_00644-1,PC
s_008um_00633_00636-1,PC
s_008um_00621_00616-1,PC
s_008um_00630_00632-1,PC
s_008um_00676_00607-1,PC
s_008um_00622_00630-1,PC
s_008um_00637_00604-1,PC
s_008um_00643_00625-1,PC
s_008um_00672_00639-1,PC
s_008um_00671_00626-1,PC
s_008um_00662_00642-1,PC
s_008um_00640_00627-1,PC
s_008um_00687_00635-1,PC
s_008um_00638_00606-1,PC
s_008um_00631_00611-1,PC
s_008um_00675_00604-1,PC
s_008um_00651_00627-1,PC
s_008um_00666_00620-1,PC
s_008um_00670_00634-1,PC
s_008um_00633_00610-1,PC
s_008um_00675_00619-1,PC
s_008um_00663_00629-1,PC
s_008um_00679_00622-1,PC
s_008um_00661_00639-1,PC
s_008um_00692_00636-1,PC
s_008um_00658_00599-1,PC
s_008um_00631_00613-1,PC
s_008um_00677_00625-1,PC
s_008um_00625_00608-1,PC
s_008um_00648_00601-1,PC
s_008um_00636_00606-1,PC
s_008um_00682_00624-1,PC
s_008um_00638_00622-1,PC
s_008um_00655_00627-1,PC
s_008um_00630_00602-1,PC
s_008um_00634_00604-1,PC
s_008um_00658_00633-1,PC
s_008um_00654_00631-1,PC
s_008um_00655_00611-1,PC
s_008um_00625_00644-1,PC
s_008um_00641_00610-1,PC
s_008um_00665_00603-1,PC
s_008um_00672_00644-1,PC
s_008um_00670_00628-1,PC
s_008um_00693_00631-1,PC
s_008um_00655_00612-1,PC
s_008um_00662_00609-1,PC
s_008um_00670_00632-1,PC
s_008um_00623_00613-1,PC
s_008um_00685_00639-1,PC
s_008um_00692_00627-1,PC
s_008um_00672_00631-1,PC
s_008um_00687_00629-1,PC
s_008um_00672_00620-1,PC
s_008um_00643_00627-1,PC
s_008um_00688_00636-1,PC
s_008um_00681_00639-1,PC
s_008um_00662_00645-1,PC
s_008um_00635_00631-1,PC
s_008um_00658_00610-1,PC
s_008um_00620_00630-1,PC
s_008um_00634_00605-1,PC
s_008um_00667_00620-1,PC
s_008um_00624_00599-1,PC
s_008um_00665_00643-1,PC
s_008um_00656_00635-1,PC
s_008um_00666_00628-1,PC
s_008um_00661_00632-1,PC
s_008um_00668_00610-1,PC
s_008um_00625_00609-1,PC
s_008um_00666_00645-1,PC
s_008um_00624_00607-1,PC
s_008um_00663_00617-1,PC
s_008um_00645_00641-1,PC
s_008um_00644_00619-1,PC
s_008um_00631_00616-1,PC
s_008um_00679_00625-1,PC
s_008um_00673_00614-1,PC
s_008um_00643_00620-1,PC
s_008um_00662_00601-1,PC
s_008um_00640_00603-1,PC
s_008um_00623_00610-1,PC
s_008um_00667_00640-1,PC
s_008um_00684_00613-1,PC
s_008um_00618_00637-1,PC
s_008um_00691_00639-1,PC
s_008um_00657_00622-1,PC
s_008um_00652_00640-1,PC
s_008um_00659_00602-1,PC
s_008um_00623_00636-1,PC
s_008um_00677_00622-1,PC
s_008um_00662_00623-1,PC
s_008um_00648_00641-1,PC
s_008um_00686_00636-1,PC
s_008um_00666_00609-1,PC
s_008um_00624_00614-1,PC
s_008um_00655_00605-1,PC
s_008um_00674_00641-1,PC
s_008um_00681_00642-1,PC
s_008um_00682_00615-1,PC
s_008um_00617_00640-1,PC
s_008um_00663_00609-1,PC
s_008um_00664_00634-1,PC
s_008um_00654_00607-1,PC
s_008um_00692_00623-1,PC
s_008um_00690_00627-1,PC
s_008um_00622_00602-1,PC
s_008um_00649_00614-1,PC
s_008um_00643_00640-1,PC
s_008um_00625_00627-1,PC
s_008um_00669_00611-1,PC
s_008um_00692_00622-1,PC
s_008um_00666_00627-1,PC
s_008um_00630_00601-1,PC
s_008um_00637_00629-1,PC
s_008um_00627_00612-1,PC
s_008um_00656_00631-1,PC
s_008um_00676_00631-1,PC
s_008um_00656_00612-1,PC
s_008um_00682_00636-1,PC
s_008um_00628_00628-1,PC
s_008um_00676_00644-1,PC
s_008um_00637_00612-1,PC
s_008um_00636_00611-1,PC
s_008um_00674_00614-1,PC
s_008um_00662_00616-1,PC
s_008um_00670_00618-1,PC
s_008um_00664_00633-1,PC
s_008um_00668_00625-1,PC
s_008um_00638_00604-1,PC
s_008um_00691_00649-1,PC
s_008um_00637_00608-1,PC
s_008um_00666_00631-1,PC
s_008um_00650_00633-1,PC
s_008um_00669_00614-1,PC
s_008um_00626_00608-1,PC
s_008um_00641_00612-1,PC
s_008um_00631_00603-1,PC
s_008um_00652_00645-1,PC
s_008um_00666_00615-1,PC
s_008um_00647_00636-1,PC
s_008um_00619_00609-1,PC
s_008um_00669_00618-1,PC
s_008um_00624_00618-1,PC
s_008um_00623_00600-1,PC
s_008um_00653_00604-1,PC
s_008um_00644_00633-1,PC
s_008um_00621_00639-1,PC
s_008um_00620_00644-1,PC
s_008um_00636_00629-1,PC
s_008um_00643_00631-1,PC
s_008um_00630_00643-1,PC
s_008um_00620_00636-1,PC
s_008um_00680_00637-1,PC
s_008um_00690_00639-1,PC
s_008um_00664_00643-1,PC
s_008um_00652_00636-1,PC
s_008um_00682_00617-1,PC
s_008um_00690_00620-1,PC
s_008um_00661_00644-1,PC
s_008um_00677_00636-1,PC
s_008um_00673_00629-1,PC
s_008um_00640_00641-1,PC
s_008um_00644_00626-1,PC
s_008um_00648_00624-1,PC
s_008um_00632_00608-1,PC
s_008um_00678_00627-1,PC
s_008um_00637_00641-1,PC
s_008um_00646_00602-1,PC
s_008um_00680_00642-1,PC
s_008um_00619_00640-1,PC
s_008um_00641_00624-1,PC
s_008um_00636_00641-1,PC
s_008um_00667_00600-1,PC
s_008um_00664_00612-1,PC
s_008um_00652_00610-1,PC
s_008um_00648_00619-1,PC
s_008um_00619_00623-1,PC
s_008um_00617_00632-1,PC
s_008um_00626_00621-1,PC
s_008um_00666_00641-1,PC
s_008um_00685_00645-1,PC
s_008um_00652_00634-1,PC
s_008um_00683_00615-1,PC
s_008um_00653_00609-1,PC
s_008um_00658_00612-1,PC
s_008um_00671_00619-1,PC
s_008um_00661_00601-1,PC
s_008um_00632_00624-1,PC
s_008um_00640_00637-1,PC
s_008um_00626_00641-1,PC
s_008um_00652_00620-1,PC
s_008um_00644_00611-1,PC
s_008um_00637_00640-1,PC
s_008um_00618_00632-1,PC
s_008um_00630_00640-1,PC
s_008um_00663_00610-1,PC
s_008um_00627_00639-1,PC
s_008um_00687_00612-1,PC
s_008um_00683_00630-1,PC
s_008um_00637_00622-1,PC
s_008um_00629_00637-1,PC
s_008um_00667_00603-1,PC
s_008um_00639_00629-1,PC
s_008um_00642_00618-1,PC
s_008um_00627_00606-1,PC
s_008um_00631_00602-1,PC
s_008um_00631_00614-1,PC
s_008um_00649_00613-1,PC
s_008um_00655_00634-1,PC
s_008um_00666_00610-1,PC
s_008um_00620_00633-1,PC
s_008um_00692_00644-1,PC
s_008um_00635_00625-1,PC
s_008um_00660_00624-1,PC
s_008um_00684_00610-1,PC
s_008um_00643_00623-1,PC
s_008um_00683_00634-1,PC
s_008um_00660_00605-1,PC
s_008um_00684_00623-1,PC
s_008um_00641_00631-1,PC
s_008um_00685_00616-1,PC
s_008um_00623_00621-1,PC
s_008um_00629_00628-1,PC
s_008um_00663_00603-1,PC
s_008um_00657_00619-1,PC
s_008um_00644_00610-1,PC
s_008um_00645_00634-1,PC
s_008um_00663_00633-1,PC
s_008um_00663_00630-1,PC
s_008um_00681_00644-1,PC
s_008um_00677_00623-1,PC
s_008um_00673_00638-1,PC
s_008um_00687_00632-1,PC
s_008um_00650_00629-1,PC
s_008um_00632_00609-1,PC
s_008um_00650_00603-1,PC
s_008um_00667_00617-1,PC
s_008um_00684_00617-1,PC
s_008um_00642_00611-1,PC
s_008um_00626_00623-1,PC
s_008um_00681_00616-1,PC
s_008um_00686_00635-1,PC
s_008um_00627_00605-1,PC
s_008um_00658_00627-1,PC
s_008um_00628_00632-1,PC
s_008um_00642_00629-1,PC
s_008um_00689_00628-1,PC
s_008um_00670_00621-1,PC
s_008um_00642_00633-1,PC
s_008um_00618_00628-1,PC
s_008um_00660_00623-1,PC
s_008um_00645_00605-1,PC
s_008um_00678_00641-1,PC
s_008um_00675_00606-1,PC
s_008um_00661_00645-1,PC
s_008um_00676_00620-1,PC
s_008um_00642_00606-1,PC
s_008um_00654_00598-1,PC
s_008um_00640_00621-1,PC
s_008um_00663_00646-1,PC
s_008um_00667_00638-1,PC
s_008um_00638_00637-1,PC
s_008um_00683_00637-1,PC
s_008um_00644_00617-1,PC
s_008um_00662_00630-1,PC
s_008um_00690_00617-1,PC
s_008um_00636_00607-1,PC
s_008um_00640_00630-1,PC
s_008um_00648_00642-1,PC
s_008um_00658_00635-1,PC
s_008um_00652_00605-1,PC
s_008um_00673_00622-1,PC
s_008um_00651_00625-1,PC
s_008um_00635_00613-1,PC
s_008um_00680_00615-1,PC
s_008um_00634_00617-1,PC
s_008um_00619_00643-1,PC
s_008um_00622_00628-1,PC
s_008um_00690_00628-1,PC
s_008um_00677_00617-1,PC
s_008um_00684_00632-1,PC
s_008um_00649_00616-1,PC
s_008um_00623_00641-1,PC
s_008um_00655_00644-1,PC
s_008um_00654_00634-1,PC
s_008um_00661_00643-1,PC
s_008um_00671_00643-1,PC
s_008um_00656_00611-1,PC
s_008um_00674_00619-1,PC
s_008um_00690_00615-1,PC
s_008um_00649_00608-1,PC
s_008um_00665_00644-1,PC
s_008um_00653_00601-1,PC
s_008um_00656_00629-1,PC
s_008um_00620_00616-1,PC
s_008um_00640_00619-1,PC
s_008um_00658_00601-1,PC
s_008um_00663_00616-1,PC
s_008um_00621_00635-1,PC
s_008um_00683_00622-1,PC
s_008um_00627_00618-1,PC
s_008um_00664_00609-1,PC
s_008um_00655_00621-1,PC
s_008um_00644_00605-1,PC
s_008um_00692_00648-1,PC
s_008um_00685_00641-1,PC
s_008um_00694_00619-1,PC
s_008um_00683_00614-1,PC
s_008um_00634_00609-1,PC
s_008um_00670_00641-1,PC
s_008um_00690_00616-1,PC
s_008um_00642_00617-1,PC
s_008um_00644_00601-1,PC
s_008um_00639_00603-1,PC
s_008um_00621_00627-1,PC
s_008um_00668_00611-1,PC
s_008um_00626_00617-1,PC
s_008um_00620_00632-1,PC
s_008um_00648_00611-1,PC
s_008um_00623_00619-1,PC
s_008um_00680_00621-1,PC
s_008um_00671_00617-1,PC
s_008um_00619_00603-1,PC
s_008um_00650_00616-1,PC
s_008um_00671_00601-1,PC
s_008um_00648_00639-1,PC
s_008um_00642_00599-1,PC
s_008um_00681_00633-1,PC
s_008um_00688_00626-1,PC
s_008um_00692_00616-1,PC
s_008um_00666_00616-1,PC
s_008um_00630_00621-1,PC
s_008um_00668_00607-1,PC
s_008um_00678_00628-1,PC
s_008um_00665_00607-1,PC
s_008um_00677_00624-1,PC
s_008um_00670_00610-1,PC
s_008um_00684_00630-1,PC
s_008um_00629_00619-1,PC
s_008um_00677_00643-1,PC
s_008um_00676_00625-1,PC
s_008um_00631_00642-1,PC
s_008um_00668_00613-1,PC
s_008um_00681_00624-1,PC
s_008um_00641_00639-1,PC
s_008um_00664_00635-1,PC
s_008um_00668_00644-1,PC
s_008um_00666_00619-1,PC
s_008um_00649_00626-1,PC
s_008um_00642_00625-1,PC
s_008um_00670_00639-1,PC
s_008um_00655_00600-1,PC
s_008um_00620_00614-1,PC
s_008um_00628_00623-1,PC
s_008um_00654_00623-1,PC
s_008um_00639_00614-1,PC
s_008um_00628_00616-1,PC
s_008um_00648_00635-1,PC
s_008um_00627_00640-1,PC
s_008um_00656_00625-1,PC
s_008um_00689_00629-1,PC
s_008um_00679_00610-1,PC
s_008um_00674_00639-1,PC
s_008um_00681_00614-1,PC
s_008um_00666_00618-1,PC
s_008um_00641_00622-1,PC
s_008um_00660_00601-1,PC
s_008um_00691_00630-1,PC
s_008um_00655_00606-1,PC
s_008um_00621_00608-1,PC
s_008um_00680_00626-1,PC
s_008um_00667_00601-1,PC
s_008um_00663_00604-1,PC
s_008um_00635_00609-1,PC
s_008um_00669_00638-1,PC
s_008um_00639_00627-1,PC
s_008um_00630_00608-1,PC
s_008um_00692_00619-1,PC
s_008um_00654_00609-1,PC
s_008um_00665_00609-1,PC
s_008um_00670_00631-1,PC
s_008um_00682_00639-1,PC
s_008um_00667_00628-1,PC
s_008um_00693_00643-1,PC
s_008um_00687_00627-1,PC
s_008um_00668_00619-1,PC
s_008um_00663_00628-1,PC
s_008um_00643_00604-1,PC
s_008um_00665_00604-1,PC
s_008um_00674_00622-1,PC
s_008um_00653_00603-1,PC
s_008um_00667_00634-1,PC
s_008um_00660_00604-1,PC
s_008um_00645_00615-1,PC
s_008um_00650_00632-1,PC
s_008um_00634_00638-1,PC
s_008um_00655_00622-1,PC
s_008um_00657_00636-1,PC
s_008um_00641_00615-1,PC
s_008um_00687_00623-1,PC
s_008um_00623_00624-1,PC
s_008um_00644_00616-1,PC
s_008um_00635_00603-1,PC
s_008um_00650_00645-1,PC
s_008um_00638_00627-1,PC
s_008um_00668_00645-1,PC
s_008um_00680_00612-1,PC
s_008um_00649_00632-1,PC
s_008um_00654_00639-1,PC
s_008um_00658_00602-1,PC
s_008um_00678_00616-1,PC
s_008um_00646_00628-1,PC
s_008um_00651_00631-1,PC
s_008um_00676_00646-1,PC
s_008um_00632_00620-1,PC
s_008um_00658_00614-1,PC
s_008um_00649_00640-1,PC
s_008um_00671_00604-1,PC
s_008um_00661_00621-1,PC
s_008um_00637_00606-1,PC
s_008um_00672_00628-1,PC
s_008um_00621_00615-1,PC
s_008um_00627_00600-1,PC
s_008um_00679_00644-1,PC
s_008um_00639_00621-1,PC
s_008um_00649_00627-1,PC
s_008um_00640_00624-1,PC
s_008um_00641_00625-1,PC
s_008um_00642_00605-1,PC
s_008um_00673_00624-1,PC
s_008um_00631_00621-1,PC
s_008um_00666_00626-1,PC
s_008um_00632_00623-1,PC
s_008um_00620_00638-1,PC
s_008um_00688_00637-1,PC
s_008um_00653_00634-1,PC
s_008um_00674_00613-1,PC
s_008um_00632_00642-1,PC
s_008um_00625_00631-1,PC
s_008um_00629_00599-1,PC
s_008um_00668_00632-1,PC
s_008um_00631_00617-1,PC
s_008um_00634_00628-1,PC
s_008um_00671_00632-1,PC
s_008um_00675_00613-1,PC
s_008um_00660_00614-1,PC
s_008um_00626_00615-1,PC
s_008um_00649_00619-1,PC
s_008um_00693_00632-1,PC
s_008um_00638_00621-1,PC
s_008um_00619_00607-1,PC
s_008um_00690_00646-1,PC
s_008um_00644_00635-1,PC
s_008um_00681_00625-1,PC
s_008um_00669_00603-1,PC
s_008um_00630_00627-1,PC
s_008um_00682_00641-1,PC
s_008um_00673_00641-1,PC
s_008um_00630_00637-1,PC
s_008um_00622_00642-1,PC
s_008um_00654_00645-1,PC
s_008um_00652_00635-1,PC
s_008um_00647_00643-1,PC
s_008um_00629_00625-1,PC
s_008um_00651_00617-1,PC
s_008um_00667_00626-1,PC
s_008um_00622_00623-1,PC
s_008um_00654_00628-1,PC
s_008um_00680_00635-1,PC
s_008um_00673_00627-1,PC
s_008um_00692_00634-1,PC
s_008um_00646_00599-1,PC
s_008um_00623_00642-1,PC
s_008um_00626_00603-1,PC
s_008um_00644_00639-1,PC
s_008um_00651_00607-1,PC
s_008um_00670_00633-1,PC
s_008um_00682_00630-1,PC
s_008um_00647_00607-1,PC
s_008um_00645_00625-1,PC
s_008um_00666_00630-1,PC
s_008um_00654_00627-1,PC
s_008um_00653_00619-1,PC
s_008um_00684_00645-1,PC
s_008um_00659_00630-1,PC
s_008um_00662_00615-1,PC
s_008um_00676_00618-1,PC
s_008um_00654_00599-1,PC
s_008um_00670_00635-1,PC
s_008um_00639_00602-1,PC
s_008um_00680_00608-1,PC
s_008um_00632_00630-1,PC
s_008um_00687_00633-1,PC
s_008um_00633_00635-1,PC
s_008um_00688_00622-1,PC
s_008um_00664_00631-1,PC
s_008um_00659_00610-1,PC
s_008um_00691_00642-1,PC
s_008um_00686_00629-1,PC
s_008um_00686_00620-1,PC
s_008um_00647_00621-1,PC
s_008um_00678_00619-1,PC
s_008um_00655_00637-1,PC
s_008um_00625_00600-1,PC
s_008um_00638_00624-1,PC
s_008um_00678_00624-1,PC
s_008um_00664_00608-1,PC
s_008um_00643_00624-1,PC
s_008um_00633_00630-1,PC
s_008um_00662_00625-1,PC
s_008um_00660_00616-1,PC
s_008um_00690_00613-1,PC
s_008um_00642_00616-1,PC
s_008um_00686_00614-1,PC
s_008um_00645_00614-1,PC
s_008um_00689_00616-1,PC
s_008um_00695_00619-1,PC
s_008um_00633_00642-1,PC
s_008um_00637_00626-1,PC
s_008um_00681_00619-1,PC
s_008um_00673_00609-1,PC
s_008um_00666_00605-1,PC
s_008um_00631_00625-1,PC
s_008um_00624_00616-1,PC
s_008um_00692_00633-1,PC
s_008um_00666_00600-1,PC
s_008um_00636_00609-1,PC
s_008um_00669_00628-1,PC
s_008um_00655_00618-1,PC
s_008um_00675_00625-1,PC
s_008um_00684_00627-1,PC
s_008um_00636_00602-1,PC
s_008um_00637_00642-1,PC
s_008um_00643_00600-1,PC
s_008um_00621_00624-1,PC
s_008um_00635_00626-1,PC
s_008um_00659_00617-1,PC
s_008um_00638_00629-1,PC
s_008um_00643_00622-1,PC
s_008um_00662_00638-1,PC
s_008um_00673_00621-1,PC
s_008um_00641_00623-1,PC
s_008um_00631_00605-1,PC
s_008um_00644_00602-1,PC
s_008um_00674_00609-1,PC
s_008um_00647_00630-1,PC
s_008um_00647_00619-1,PC
s_008um_00622_00621-1,PC
s_008um_00654_00629-1,PC
s_008um_00660_00615-1,PC
s_008um_00687_00641-1,PC
s_008um_00679_00634-1,PC
s_008um_00691_00635-1,PC
s_008um_00678_00623-1,PC
s_008um_00691_00625-1,PC
s_008um_00682_00635-1,PC
s_008um_00679_00621-1,PC
s_008um_00676_00611-1,PC
s_008um_00648_00628-1,PC
s_008um_00650_00618-1,PC
s_008um_00693_00615-1,PC
s_008um_00676_00614-1,PC
s_008um_00653_00636-1,PC
s_008um_00620_00605-1,PC
s_008um_00649_00622-1,PC
s_008um_00685_00611-1,PC
s_008um_00627_00641-1,PC
s_008um_00637_00615-1,PC
s_008um_00619_00618-1,PC
s_008um_00637_00634-1,PC
s_008um_00650_00634-1,PC
s_008um_00661_00640-1,PC
s_008um_00654_00641-1,PC
s_008um_00656_00632-1,PC
s_008um_00634_00619-1,PC
s_008um_00654_00618-1,PC
s_008um_00646_00606-1,PC
s_008um_00640_00644-1,PC
s_008um_00641_00609-1,PC
s_008um_00620_00621-1,PC
s_008um_00642_00644-1,PC
s_008um_00640_00608-1,PC
s_008um_00671_00612-1,PC
s_008um_00678_00636-1,PC
s_008um_00623_00628-1,PC
s_008um_00686_00631-1,PC
s_008um_00667_00631-1,PC
s_008um_00635_00637-1,PC
s_008um_00649_00644-1,PC
s_008um_00674_00634-1,PC
s_008um_00670_00642-1,PC
s_008um_00675_00609-1,PC
s_008um_00691_00627-1,PC
s_008um_00632_00632-1,PC
s_008um_00674_00630-1,PC
s_008um_00627_00613-1,PC
s_008um_00668_00626-1,PC
s_008um_00637_00611-1,PC
s_008um_00673_00618-1,PC
s_008um_00635_00634-1,PC
s_008um_00679_00617-1,PC
s_008um_00619_00635-1,PC
s_008um_00663_00613-1,PC
s_008um_00644_00629-1,PC
s_008um_00654_00604-1,PC
s_008um_00637_00624-1,PC
s_008um_00677_00642-1,PC
s_008um_00661_00615-1,PC
s_008um_00676_00617-1,PC
s_008um_00676_00628-1,PC
s_008um_00668_00637-1,PC
s_008um_00625_00637-1,PC
s_008um_00694_00618-1,PC
s_008um_00652_00614-1,PC
s_008um_00637_00632-1,PC
s_008um_00673_00613-1,PC
s_008um_00625_00599-1,PC
s_008um_00674_00646-1,PC
s_008um_00665_00608-1,PC
s_008um_00661_00598-1,PC
s_008um_00620_00634-1,PC
s_008um_00625_00619-1,PC
s_008um_00622_00620-1,PC
s_008um_00681_00640-1,PC
s_008um_00652_00611-1,PC
s_008um_00625_00623-1,PC
s_008um_00628_00635-1,PC
s_008um_00646_00603-1,PC
s_008um_00625_00613-1,PC
s_008um_00682_00629-1,PC
s_008um_00648_00638-1,PC
s_008um_00679_00633-1,PC
s_008um_00672_00633-1,PC
s_008um_00662_00610-1,PC
s_008um_00658_00642-1,PC
s_008um_00639_00625-1,PC
s_008um_00692_00624-1,PC
s_008um_00693_00638-1,PC
s_008um_00619_00638-1,PC
s_008um_00656_00601-1,PC
s_008um_00647_00627-1,PC
s_008um_00628_00612-1,PC
s_008um_00689_00631-1,PC
s_008um_00623_00616-1,PC
s_008um_00682_00643-1,PC
s_008um_00664_00622-1,PC
s_008um_00618_00639-1,PC
s_008um_00669_00644-1,PC
s_008um_00641_00599-1,PC
s_008um_00677_00606-1,PC
s_008um_00656_00602-1,PC
s_008um_00632_00605-1,PC
s_008um_00630_00617-1,PC
s_008um_00621_00612-1,PC
s_008um_00681_00623-1,PC
s_008um_00692_00646-1,PC
s_008um_00636_00605-1,PC
s_008um_00655_00615-1,PC
s_008um_00628_00603-1,PC
s_008um_00645_00633-1,PC
s_008um_00651_00634-1,PC
s_008um_00634_00630-1,PC
s_008um_00626_00631-1,PC
s_008um_00655_00633-1,PC
s_008um_00691_00617-1,PC
s_008um_00641_00618-1,PC
s_008um_00626_00619-1,PC
s_008um_00633_00619-1,PC
s_008um_00683_00635-1,PC
s_008um_00653_00618-1,PC
s_008um_00655_00625-1,PC
s_008um_00675_00620-1,PC
s_008um_00694_00616-1,PC
s_008um_00693_00636-1,PC
s_008um_00672_00629-1,PC
s_008um_00674_00607-1,PC
s_008um_00620_00610-1,PC
s_008um_00670_00619-1,PC
s_008um_00643_00617-1,PC
s_008um_00637_00631-1,PC
s_008um_00691_00636-1,PC
s_008um_00624_00632-1,PC
s_008um_00681_00627-1,PC
s_008um_00664_00611-1,PC
s_008um_00639_00630-1,PC
s_008um_00683_00608-1,PC
s_008um_00676_00641-1,PC
s_008um_00680_00645-1,PC
s_008um_00668_00641-1,PC
s_008um_00628_00631-1,PC
s_008um_00632_00604-1,PC
s_008um_00676_00603-1,PC
s_008um_00662_00643-1,PC
s_008um_00632_00618-1,PC
s_008um_00668_00601-1,PC
s_008um_00672_00635-1,PC
s_008um_00624_00633-1,PC
s_008um_00621_00633-1,PC
s_008um_00629_00603-1,PC
s_008um_00660_00629-1,PC
s_008um_00664_00632-1,PC
s_008um_00626_00638-1,PC
s_008um_00636_00622-1,PC
s_008um_00693_00628-1,PC
s_008um_00638_00625-1,PC
s_008um_00640_00606-1,PC
s_008um_00635_00623-1,PC
s_008um_00650_00643-1,PC
s_008um_00676_00639-1,PC
s_008um_00618_00633-1,PC
s_008um_00639_00618-1,PC
s_008um_00642_00619-1,PC
s_008um_00682_00637-1,PC
s_008um_00685_00618-1,PC
s_008um_00639_00600-1,PC
s_008um_00677_00634-1,PC
s_008um_00665_00602-1,PC
s_008um_00647_00598-1,PC
s_008um_00681_00621-1,PC
s_008um_00688_00616-1,PC
s_008um_00634_00632-1,PC
s_008um_00679_00623-1,PC
s_008um_00663_00635-1,PC
s_008um_00672_00624-1,PC
s_008um_00645_00619-1,PC
s_008um_00645_00616-1,PC
s_008um_00660_00641-1,PC
s_008um_00651_00610-1,PC
s_008um_00675_00643-1,PC
s_008um_00639_00635-1,PC
s_008um_00684_00637-1,PC
s_008um_00669_00602-1,PC
s_008um_00640_00628-1,PC
s_008um_00657_00607-1,PC
s_008um_00673_00616-1,PC
s_008um_00647_00612-1,PC
s_008um_00666_00623-1,PC
s_008um_00626_00601-1,PC
s_008um_00634_00610-1,PC
s_008um_00684_00629-1,PC
s_008um_00640_00639-1,PC
s_008um_00645_00608-1,PC
s_008um_00658_00640-1,PC
s_008um_00637_00605-1,PC
s_008um_00641_00621-1,PC
s_008um_00626_00642-1,PC
s_008um_00644_00631-1,PC
s_008um_00686_00624-1,PC
s_008um_00653_00643-1,PC
s_008um_00683_00646-1,PC
s_008um_00645_00623-1,PC
s_008um_00655_00629-1,PC
s_008um_00677_00644-1,PC
s_008um_00629_00621-1,PC
s_008um_00653_00642-1,PC
s_008um_00693_00624-1,PC
s_008um_00632_00637-1,PC
s_008um_00675_00634-1,PC
s_008um_00679_00635-1,PC
s_008um_00679_00632-1,PC
s_008um_00644_00622-1,PC
s_008um_00623_00630-1,PC
s_008um_00642_00602-1,PC
s_008um_00671_00630-1,PC
s_008um_00663_00627-1,PC
s_008um_00689_00619-1,PC
s_008um_00646_00625-1,PC
s_008um_00649_00645-1,PC
s_008um_00663_00615-1,PC
s_008um_00622_00643-1,PC
s_008um_00664_00645-1,PC
s_008um_00677_00612-1,PC
s_008um_00631_00599-1,PC
s_008um_00686_00625-1,PC
s_008um_00638_00623-1,PC
s_008um_00682_00609-1,PC
s_008um_00628_00607-1,PC
s_008um_00644_00614-1,PC
s_008um_00685_00630-1,PC
s_008um_00655_00642-1,PC
s_008um_00682_00610-1,PC
s_008um_00682_00608-1,PC
s_008um_00635_00607-1,PC
s_008um_00693_00637-1,PC
s_008um_00658_00637-1,PC
s_008um_00665_00620-1,PC
s_008um_00689_00644-1,PC
s_008um_00667_00602-1,PC
s_008um_00623_00633-1,PC
s_008um_00646_00627-1,PC
s_008um_00634_00640-1,PC
s_008um_00632_00616-1,PC
s_008um_00625_00616-1,PC
s_008um_00627_00607-1,PC
s_008um_00669_00630-1,PC
s_008um_00660_00612-1,PC
s_008um_00689_00620-1,PC
s_008um_00647_00623-1,PC
s_008um_00648_00618-1,PC
s_008um_00686_00622-1,PC
s_008um_00631_00637-1,PC
s_008um_00622_00606-1,PC
s_008um_00620_00615-1,PC
s_008um_00631_00640-1,PC
s_008um_00617_00631-1,PC
s_008um_00626_00613-1,PC
s_008um_00619_00615-1,PC
s_008um_00665_00632-1,PC
s_008um_00624_00626-1,PC
s_008um_00660_00606-1,PC
s_008um_00664_00619-1,PC
s_008um_00659_00626-1,PC
s_008um_00637_00618-1,PC
s_008um_00622_00640-1,PC
s_008um_00632_00613-1,PC
s_008um_00682_00645-1,PC
s_008um_00637_00603-1,PC
s_008um_00629_00626-1,PC
s_008um_00655_00609-1,PC
s_008um_00660_00618-1,PC
s_008um_00638_00599-1,PC
s_008um_00680_00639-1,PC
s_008um_00655_00630-1,PC
s_008um_00648_00631-1,PC
s_008um_00681_00632-1,PC
s_008um_00649_00606-1,PC
s_008um_00675_00637-1,PC
s_008um_00651_00632-1,PC
s_008um_00626_00606-1,PC
s_008um_00678_00637-1,PC
s_008um_00685_00624-1,PC
s_008um_00651_00609-1,PC
s_008um_00684_00626-1,PC
s_008um_00653_00629-1,PC
s_008um_00649_00625-1,PC
s_008um_00659_00603-1,PC
s_008um_00684_00638-1,PC
s_008um_00685_00612-1,PC
s_008um_00671_00636-1,PC
s_008um_00648_00627-1,PC
s_008um_00634_00636-1,PC
s_008um_00681_00608-1,PC
s_008um_00664_00604-1,PC
s_008um_00669_00607-1,PC
s_008um_00641_00629-1,PC
s_008um_00628_00619-1,PC
s_008um_00652_00612-1,PC
s_008um_00628_00639-1,PC
s_008um_00677_00635-1,PC
s_008um_00669_00624-1,PC
s_008um_00625_00603-1,PC
s_008um_00645_00639-1,PC
s_008um_00652_00615-1,PC
s_008um_00659_00599-1,PC
s_008um_00682_00634-1,PC
s_008um_00654_00605-1,PC
s_008um_00676_00610-1,PC
s_008um_00659_00638-1,PC
s_008um_00674_00626-1,PC
s_008um_00622_00636-1,PC
s_008um_00643_00626-1,PC
s_008um_00639_00611-1,PC
s_008um_00627_00632-1,PC
s_008um_00672_00612-1,PC
s_008um_00649_00603-1,PC
s_008um_00628_00609-1,PC
s_008um_00686_00623-1,PC
s_008um_00640_00614-1,PC
s_008um_00639_00612-1,PC
s_008um_00671_00639-1,PC
s_008um_00690_00618-1,PC
s_008um_00636_00631-1,PC
s_008um_00670_00629-1,PC
s_008um_00657_00645-1,PC
s_008um_00680_00644-1,PC
s_008um_00651_00612-1,PC
s_008um_00661_00642-1,PC
s_008um_00647_00609-1,PC
s_008um_00623_00627-1,PC
s_008um_00640_00642-1,PC
s_008um_00662_00619-1,PC
s_008um_00692_00641-1,PC
s_008um_00689_00638-1,PC
s_008um_00652_00613-1,PC
s_008um_00646_00629-1,PC
s_008um_00624_00608-1,PC
s_008um_00640_00629-1,PC
s_008um_00664_00644-1,PC
s_008um_00635_00618-1,PC
s_008um_00649_00610-1,PC
s_008um_00639_00598-1,PC
s_008um_00640_00599-1,PC
s_008um_00662_00626-1,PC
s_008um_00642_00604-1,PC
s_008um_00667_00641-1,PC
s_008um_00645_00643-1,PC
s_008um_00651_00621-1,PC
s_008um_00665_00640-1,PC
s_008um_00628_00627-1,PC
s_008um_00677_00616-1,PC
s_008um_00639_00617-1,PC
s_008um_00632_00627-1,PC
s_008um_00662_00612-1,PC
s_008um_00648_00600-1,PC
s_008um_00664_00613-1,PC
s_008um_00680_00617-1,PC
s_008um_00667_00629-1,PC
s_008um_00658_00624-1,PC
s_008um_00625_00618-1,PC
s_008um_00647_00638-1,PC
s_008um_00652_00642-1,PC
s_008um_00673_00607-1,PC
s_008um_00623_00608-1,PC
s_008um_00683_00644-1,PC
s_008um_00625_00625-1,PC
s_008um_00679_00630-1,PC
s_008um_00664_00642-1,PC
s_008um_00677_00627-1,PC
s_008um_00673_00605-1,PC
s_008um_00624_00622-1,PC
s_008um_00650_00637-1,PC
s_008um_00622_00601-1,PC
s_008um_00636_00632-1,PC
s_008um_00688_00630-1,PC
s_008um_00627_00627-1,PC
s_008um_00661_00609-1,PC
s_008um_00670_00609-1,PC
s_008um_00651_00601-1,PC
s_008um_00644_00609-1,PC
s_008um_00634_00639-1,PC
s_008um_00667_00622-1,PC
s_008um_00673_00632-1,PC
s_008um_00648_00636-1,PC
s_008um_00668_00617-1,PC
s_008um_00640_00604-1,PC
s_008um_00690_00621-1,PC
s_008um_00672_00634-1,PC
s_008um_00683_00639-1,PC
s_008um_00643_00641-1,PC
s_008um_00620_00606-1,PC
s_008um_00624_00609-1,PC
s_008um_00639_00607-1,PC
s_008um_00620_00613-1,PC
s_008um_00630_00622-1,PC
s_008um_00640_00609-1,PC
s_008um_00651_00622-1,PC
s_008um_00649_00633-1,PC
s_008um_00686_00617-1,PC
s_008um_00691_00643-1,PC
s_008um_00642_00624-1,PC
s_008um_00617_00639-1,PC
s_008um_00630_00599-1,PC
s_008um_00655_00603-1,PC
s_008um_00659_00644-1,PC
s_008um_00647_00613-1,PC
s_008um_00669_00636-1,PC
s_008um_00636_00627-1,PC
s_008um_00662_00641-1,PC
s_008um_00667_00645-1,PC
s_008um_00625_00630-1,PC
s_008um_00687_00631-1,PC
s_008um_00690_00629-1,PC
s_008um_00640_00640-1,PC
s_008um_00626_00637-1,PC
s_008um_00641_00605-1,PC
s_008um_00694_00617-1,PC
s_008um_00634_00623-1,PC
s_008um_00652_00631-1,PC
s_008um_00691_00648-1,PC
s_008um_00667_00630-1,PC
s_008um_00640_00602-1,PC
s_008um_00656_00627-1,PC
s_008um_00638_00620-1,PC
s_008um_00683_00628-1,PC
s_008um_00640_00607-1,PC
s_008um_00622_00641-1,PC
s_008um_00685_00623-1,PC
s_008um_00654_00614-1,PC
s_008um_00661_00629-1,PC
s_008um_00665_00628-1,PC
s_008um_00626_00605-1,PC
s_008um_00633_00603-1,PC
s_008um_00638_00634-1,PC
s_008um_00640_00610-1,PC
s_008um_00684_00639-1,PC
s_008um_00677_00630-1,PC
s_008um_00638_00614-1,PC
s_008um_00623_00602-1,PC
s_008um_00627_00611-1,PC
s_008um_00666_00604-1,PC
s_008um_00661_00619-1,PC
s_008um_00646_00640-1,PC
s_008um_00664_00615-1,PC
s_008um_00685_00646-1,PC
s_008um_00675_00631-1,PC
s_008um_00667_00614-1,PC
s_008um_00644_00618-1,PC
s_008um_00637_00639-1,PC
s_008um_00620_00642-1,PC
s_008um_00659_00615-1,PC
s_008um_00687_00640-1,PC
s_008um_00646_00610-1,PC
s_008um_00682_00640-1,PC
s_008um_00678_00645-1,PC
s_008um_00680_00646-1,PC
s_008um_00662_00618-1,PC
s_008um_00661_00638-1,PC
s_008um_00665_00606-1,PC
s_008um_00621_00631-1,PC
s_008um_00627_00634-1,PC
s_008um_00658_00625-1,PC
s_008um_00658_00619-1,PC
s_008um_00645_00601-1,PC
s_008um_00659_00643-1,PC
s_008um_00644_00613-1,PC
s_008um_00677_00621-1,PC
s_008um_00641_00611-1,PC
s_008um_00673_00615-1,PC
s_008um_00652_00621-1,PC
s_008um_00640_00633-1,PC
s_008um_00626_00604-1,PC
s_008um_00651_00608-1,PC
s_008um_00685_00629-1,PC
s_008um_00622_00627-1,PC
s_008um_00643_00621-1,PC
s_008um_00656_00610-1,PC
s_008um_00684_00612-1,PC
s_008um_00645_00604-1,PC
s_008um_00627_00616-1,PC
s_008um_00621_00610-1,PC
s_008um_00632_00612-1,PC
s_008um_00673_00626-1,PC
s_008um_00659_00600-1,PC
s_008um_00673_00642-1,PC
s_008um_00671_00620-1,PC
s_008um_00645_00629-1,PC
s_008um_00675_00639-1,PC
s_008um_00641_00616-1,PC
s_008um_00677_00633-1,PC
s_008um_00682_00613-1,PC
s_008um_00656_00642-1,PC
s_008um_00657_00644-1,PC
s_008um_00656_00613-1,PC
s_008um_00659_00627-1,PC
s_008um_00625_00633-1,PC
s_008um_00619_00616-1,PC
s_008um_00643_00638-1,PC
s_008um_00628_00605-1,PC
s_008um_00670_00607-1,PC
s_008um_00688_00624-1,PC
s_008um_00627_00615-1,PC
s_008um_00631_00609-1,PC
s_008um_00642_00635-1,PC
s_008um_00644_00599-1,PC
s_008um_00664_00621-1,PC
s_008um_00679_00613-1,PC
s_008um_00662_00637-1,PC
s_008um_00650_00627-1,PC
s_008um_00644_00615-1,PC
s_008um_00619_00637-1,PC
s_008um_00630_00605-1,PC
s_008um_00685_00614-1,PC
s_008um_00657_00614-1,PC
s_008um_00668_00642-1,PC
s_008um_00623_00640-1,PC
s_008um_00688_00649-1,PC
s_008um_00650_00636-1,PC
s_008um_00633_00600-1,PC
s_008um_00686_00632-1,PC
s_008um_00650_00639-1,PC
s_008um_00663_00600-1,PC
s_008um_00650_00598-1,PC
s_008um_00629_00627-1,PC
s_008um_00627_00638-1,PC
s_008um_00661_00616-1,PC
s_008um_00630_00625-1,PC
s_008um_00653_00638-1,PC
s_008um_00628_00630-1,PC
s_008um_00629_00641-1,PC
s_008um_00676_00645-1,PC
s_008um_00661_00605-1,PC
s_008um_00659_00601-1,PC
s_008um_00660_00617-1,PC
s_008um_00620_00608-1,PC
s_008um_00665_00646-1,PC
s_008um_00657_00632-1,PC
s_008um_00670_00637-1,PC
s_008um_00657_00634-1,PC
s_008um_00651_00626-1,PC
s_008um_00659_00629-1,PC
s_008um_00617_00641-1,PC
s_008um_00664_00618-1,PC
s_008um_00622_00629-1,PC
s_008um_00673_00643-1,PC
s_008um_00680_00611-1,PC
s_008um_00622_00632-1,PC
s_008um_00643_00605-1,PC
s_008um_00632_00640-1,PC
s_008um_00660_00635-1,PC
s_008um_00647_00641-1,PC
s_008um_00646_00639-1,PC
s_008um_00665_00636-1,PC
s_008um_00633_00639-1,PC
s_008um_00640_00643-1,PC
s_008um_00637_00614-1,PC
s_008um_00626_00644-1,PC
s_008um_00652_00624-1,PC
s_008um_00687_00638-1,PC
s_008um_00641_00644-1,PC
s_008um_00659_00616-1,PC
s_008um_00691_00647-1,PC
s_008um_00645_00599-1,PC
s_008um_00621_00618-1,PC
s_008um_00618_00627-1,PC
s_008um_00686_00643-1,PC
s_008um_00654_00615-1,PC
s_008um_00684_00618-1,PC
s_008um_00657_00633-1,PC
s_008um_00645_00612-1,PC
s_008um_00626_00630-1,PC
s_008um_00662_00617-1,PC
s_008um_00632_00610-1,PC
s_008um_00638_00601-1,PC
s_008um_00669_00626-1,PC
s_008um_00672_00608-1,PC
s_008um_00679_00642-1,PC
s_008um_00630_00636-1,PC
s_008um_00633_00609-1,PC
s_008um_00632_00611-1,PC
s_008um_00636_00639-1,PC
s_008um_00645_00609-1,PC
s_008um_00673_00645-1,PC
s_008um_00647_00637-1,PC
s_008um_00641_00642-1,PC
s_008um_00622_00603-1,PC
s_008um_00663_00601-1,PC
s_008um_00657_00630-1,PC
s_008um_00668_00603-1,PC
s_008um_00680_00628-1,PC
s_008um_00680_00643-1,PC
s_008um_00651_00619-1,PC
s_008um_00642_00607-1,PC
s_008um_00643_00619-1,PC
s_008um_00628_00614-1,PC
s_008um_00634_00627-1,PC
s_008um_00693_00625-1,PC
s_008um_00645_00642-1,PC
s_008um_00662_00631-1,PC
s_008um_00619_00617-1,PC
s_008um_00631_00600-1,PC
s_008um_00668_00631-1,PC
s_008um_00619_00632-1,PC
s_008um_00679_00615-1,PC
s_008um_00627_00644-1,PC
s_008um_00620_00611-1,PC
s_008um_00681_00620-1,PC
s_008um_00657_00601-1,PC
s_008um_00627_00633-1,PC
s_008um_00661_00622-1,PC
s_008um_00682_00612-1,PC
s_008um_00657_00623-1,PC
s_008um_00649_00600-1,PC
s_008um_00680_00618-1,PC
s_008um_00628_00608-1,PC
s_008um_00689_00617-1,PC
s_008um_00671_00614-1,PC
s_008um_00617_00636-1,PC
s_008um_00664_00601-1,PC
s_008um_00618_00634-1,PC
s_008um_00654_00638-1,PC
s_008um_00672_00623-1,PC
s_008um_00668_00608-1,PC
s_008um_00693_00642-1,PC
s_008um_00624_00627-1,PC
s_008um_00633_00605-1,PC
s_008um_00655_00608-1,PC
s_008um_00648_00623-1,PC
s_008um_00629_00642-1,PC
s_008um_00621_00636-1,PC
s_008um_00654_00644-1,PC
s_008um_00643_00609-1,PC
s_008um_00673_00630-1,PC
s_008um_00678_00613-1,PC
s_008um_00657_00605-1,PC
s_008um_00687_00616-1,PC
s_008um_00625_00640-1,PC
s_008um_00652_00607-1,PC
s_008um_00656_00639-1,PC
s_008um_00649_00607-1,PC
s_008um_00652_00617-1,PC
s_008um_00635_00604-1,PC
s_008um_00659_00621-1,PC
s_008um_00654_00642-1,PC
s_008um_00619_00628-1,PC
s_008um_00667_00632-1,PC
s_008um_00684_00611-1,PC
s_008um_00647_00644-1,PC
s_008um_00683_00638-1,PC
s_008um_00663_00602-1,PC
s_008um_00669_00631-1,PC
s_008um_00653_00616-1,PC
s_008um_00628_00643-1,PC
s_008um_00644_00603-1,PC
s_008um_00618_00630-1,PC
s_008um_00677_00615-1,PC
s_008um_00676_00636-1,PC
s_008um_00668_00620-1,PC
s_008um_00647_00601-1,PC
s_008um_00624_00642-1,PC
s_008um_00637_00607-1,PC
s_008um_00660_00642-1,PC
s_008um_00679_00640-1,PC
s_008um_00644_00642-1,PC
s_008um_00673_00610-1,PC
s_008um_00636_00633-1,PC
s_008um_00663_00641-1,PC
s_008um_00638_00600-1,PC
s_008um_00641_00643-1,PC
s_008um_00653_00637-1,PC
s_008um_00650_00611-1,PC
s_008um_00646_00641-1,PC
s_008um_00654_00633-1,PC
s_008um_00619_00641-1,PC
s_008um_00625_00622-1,PC
s_008um_00654_00613-1,PC
s_008um_00635_00606-1,PC
s_008um_00638_00616-1,PC
s_008um_00691_00646-1,PC
s_008um_00626_00632-1,PC
s_008um_00629_00622-1,PC
s_008um_00660_00608-1,PC
s_008um_00626_00625-1,PC
s_008um_00638_00644-1,PC
s_008um_00691_00632-1,PC
s_008um_00655_00614-1,PC
s_008um_00694_00624-1,PC
s_008um_00683_00617-1,PC
s_008um_00618_00635-1,PC
s_008um_00670_00600-1,PC
s_008um_00635_00636-1,PC
s_008um_00653_00641-1,PC
s_008um_00619_00613-1,PC
s_008um_00628_00621-1,PC
s_008um_00681_00607-1,PC
s_008um_00638_00633-1,PC
s_008um_00669_00633-1,PC
s_008um_00677_00611-1,PC
s_008um_00666_00646-1,PC
s_008um_00656_00616-1,PC
s_008um_00658_00598-1,PC
s_008um_00680_00636-1,PC
s_008um_00645_00607-1,PC
s_008um_00626_00633-1,PC
s_008um_00674_00644-1,PC
s_008um_00640_00616-1,PC
s_008um_00667_00604-1,PC
s_008um_00647_00628-1,PC
s_008um_00671_00621-1,PC
s_008um_00636_00619-1,PC
s_008um_00631_00629-1,PC
s_008um_00679_00614-1,PC
s_008um_00645_00600-1,PC
s_008um_00683_00645-1,PC
s_008um_00674_00636-1,PC
s_008um_00678_00630-1,PC
s_008um_00672_00640-1,PC
s_008um_00681_00613-1,PC
s_008um_00630_00634-1,PC
s_008um_00669_00608-1,PC
s_008um_00665_00634-1,PC
s_008um_00656_00605-1,PC
s_008um_00648_00610-1,PC
s_008um_00663_00645-1,PC
s_008um_00628_00599-1,PC
s_008um_00621_00637-1,PC
s_008um_00678_00618-1,PC
s_008um_00645_00640-1,PC
s_008um_00661_00620-1,PC
s_008um_00669_00632-1,PC
s_008um_00671_00629-1,PC
s_008um_00628_00611-1,PC
s_008um_00650_00625-1,PC
s_008um_00621_00601-1,PC
s_008um_00676_00623-1,PC
s_008um_00640_00623-1,PC
s_008um_00670_00624-1,PC
s_008um_00645_00618-1,PC
s_008um_00672_00618-1,PC
s_008um_00622_00631-1,PC
s_008um_00666_00642-1,PC
s_008um_00648_00607-1,PC
s_008um_00688_00614-1,PC
s_008um_00640_00601-1,PC
s_008um_00630_00618-1,PC
s_008um_00674_00640-1,PC
s_008um_00686_00647-1,PC
s_008um_00623_00634-1,PC
s_008um_00672_00626-1,PC
s_008um_00658_00643-1,PC
s_008um_00631_00604-1,PC
s_008um_00674_00615-1,PC
s_008um_00620_00601-1,PC
s_008um_00678_00638-1,PC
s_008um_00632_00641-1,PC
s_008um_00635_00602-1,PC
s_008um_00621_00622-1,PC
s_008um_00688_00629-1,PC
s_008um_00692_00614-1,PC
s_008um_00637_00635-1,PC
s_008um_00653_00598-1,PC
s_008um_00676_00622-1,PC
s_008um_00630_00620-1,PC
s_008um_00676_00613-1,PC
s_008um_00655_00639-1,PC
s_008um_00638_00628-1,PC
s_008um_00672_00611-1,PC
s_008um_00685_00628-1,PC
s_008um_00678_00644-1,PC
s_008um_00661_00618-1,PC
s_008um_00636_00612-1,PC
s_008um_00636_00613-1,PC
s_008um_00643_00602-1,PC
s_008um_00626_00612-1,PC
s_008um_00670_00638-1,PC
s_008um_00674_00621-1,PC
s_008um_00666_00621-1,PC
s_008um_00665_00610-1,PC
s_008um_00658_00644-1,PC
s_008um_00662_00598-1,PC
s_008um_00620_00617-1,PC
s_008um_00669_00643-1,PC
s_008um_00689_00630-1,PC
s_008um_00659_00640-1,PC
s_008um_00648_00643-1,PC
s_008um_00655_00602-1,PC
s_008um_00639_00608-1,PC
s_008um_00630_00635-1,PC
s_008um_00621_00644-1,PC
s_008um_00672_00621-1,PC
s_008um_00661_00630-1,PC
s_008um_00639_00623-1,PC
s_008um_00647_00606-1,PC
s_008um_00631_00628-1,PC
s_008um_00653_00615-1,PC
s_008um_00657_00615-1,PC
s_008um_00622_00600-1,PC
s_008um_00678_00605-1,PC
s_008um_00643_00642-1,PC
s_008um_00682_00632-1,PC
s_008um_00642_00622-1,PC
s_008um_00661_00637-1,PC
s_008um_00665_00600-1,PC
s_008um_00666_00601-1,PC
s_008um_00667_00607-1,PC
s_008um_00689_00649-1,PC
s_008um_00663_00644-1,PC
s_008um_00683_00619-1,PC
s_008um_00658_00626-1,PC
s_008um_00664_00610-1,PC
s_008um_00672_00615-1,PC
s_008um_00650_00602-1,PC
s_008um_00690_00632-1,PC
s_008um_00626_00636-1,PC
s_008um_00655_00599-1,PC
s_008um_00674_00638-1,PC
s_008um_00625_00612-1,PC
s_008um_00647_00624-1,PC
s_008um_00655_00619-1,PC
s_008um_00656_00598-1,PC
s_008um_00662_00640-1,PC
s_008um_00650_00640-1,PC
s_008um_00652_00623-1,PC
s_008um_00649_00602-1,PC
s_008um_00673_00646-1,PC
s_008um_00634_00626-1,PC
s_008um_00687_00625-1,PC
s_008um_00666_00602-1,PC
s_008um_00635_00622-1,PC
s_008um_00652_00639-1,PC
s_008um_00650_00604-1,PC
s_008um_00693_00621-1,PC
s_008um_00623_00620-1,PC
s_008um_00626_00614-1,PC
s_008um_00635_00601-1,PC
s_008um_00683_00620-1,PC
s_008um_00628_00634-1,PC
s_008um_00620_00643-1,PC
s_008um_00628_00600-1,PC
s_008um_00643_00633-1,PC
s_008um_00624_00640-1,PC
s_008um_00669_00600-1,PC
s_008um_00638_00610-1,PC
s_008um_00625_00642-1,PC
s_008um_00635_00639-1,PC
s_008um_00672_00636-1,PC
s_008um_00636_00635-1,PC
s_008um_00641_00640-1,PC
s_008um_00671_00635-1,PC
s_008um_00644_00644-1,PC
s_008um_00633_00626-1,PC
s_008um_00657_00638-1,PC
s_008um_00623_00639-1,PC
s_008um_00693_00619-1,PC
s_008um_00632_00617-1,PC
s_008um_00630_00607-1,PC
s_008um_00652_00608-1,PC
s_008um_00691_00620-1,PC
s_008um_00622_00612-1,PC
s_008um_00627_00599-1,PC
s_008um_00621_00630-1,PC
s_008um_00656_00619-1,PC
s_008um_00684_00643-1,PC
s_008um_00634_00634-1,PC
s_008um_00676_00638-1,PC
s_008um_00640_00638-1,PC
s_008um_00638_00613-1,PC
s_008um_00659_00637-1,PC
s_008um_00646_00633-1,PC
s_008um_00655_00598-1,PC
s_008um_00680_00641-1,PC
s_008um_00646_00614-1,PC
s_008um_00675_00616-1,PC
s_008um_00620_00604-1,PC
s_008um_00676_00633-1,PC
s_008um_00643_00615-1,PC
s_008um_00695_00617-1,PC
s_008um_00648_00616-1,PC
s_008um_00639_00628-1,PC
s_008um_00633_00631-1,PC
s_008um_00660_00610-1,PC
s_008um_00669_00625-1,PC
s_008um_00633_00617-1,PC
s_008um_00643_00634-1,PC
s_008um_00629_00612-1,PC
s_008um_00637_00599-1,PC
s_008um_00675_00630-1,PC
s_008um_00643_00611-1,PC
s_008um_00655_00638-1,PC
s_008um_00679_00606-1,PC
s_008um_00621_00619-1,PC
s_008um_00691_00633-1,PC
s_008um_00622_00618-1,PC
s_008um_00639_00631-1,PC
s_008um_00635_00643-1,PC
s_008um_00647_00608-1,PC
s_008um_00633_00620-1,PC
s_008um_00670_00645-1,PC
s_008um_00626_00640-1,PC
s_008um_00688_00633-1,PC
s_008um_00655_00643-1,PC
s_008um_00683_00636-1,PC
s_008um_00688_00619-1,PC
s_008um_00677_00629-1,PC
s_008um_00654_00608-1,PC
s_008um_00675_00638-1,PC
s_008um_00641_00603-1,PC
s_008um_00661_00607-1,PC
s_008um_00678_00621-1,PC
s_008um_00622_00624-1,PC
s_008um_00669_00620-1,PC
s_008um_00655_00645-1,PC
s_008um_00683_00611-1,PC
s_008um_00621_00606-1,PC
s_008um_00659_00624-1,PC
s_008um_00628_00640-1,PC
s_008um_00673_00623-1,PC
s_008um_00630_00619-1,PC
s_008um_00629_00604-1,PC
s_008um_00672_00601-1,PC
s_008um_00662_00627-1,PC
s_008um_00649_00620-1,PC
s_008um_00687_00624-1,PC
s_008um_00655_00617-1,PC
s_008um_00646_00607-1,PC
s_008um_00670_00617-1,PC
s_008um_00627_00608-1,PC
s_008um_00674_00605-1,PC
s_008um_00631_00606-1,PC
s_008um_00627_00642-1,PC
s_008um_00650_00623-1,PC
s_008um_00651_00640-1,PC
s_008um_00639_00619-1,PC
s_008um_00627_00629-1,PC
s_008um_00631_00639-1,PC
s_008um_00671_00631-1,PC
s_008um_00679_00637-1,PC
s_008um_00651_00598-1,PC
s_008um_00642_00642-1,PC
s_008um_00660_00645-1,PC
s_008um_00671_00624-1,PC
s_008um_00687_00621-1,PC
s_008um_00660_00600-1,PC
s_008um_00676_00605-1,PC
s_008um_00672_00637-1,PC
s_008um_00647_00618-1,PC
s_008um_00689_00633-1,PC
s_008um_00641_00634-1,PC
s_008um_00670_00601-1,PC
s_008um_00659_00641-1,PC
s_008um_00624_00615-1,PC
s_008um_00655_00641-1,PC
s_008um_00625_00607-1,PC
s_008um_00635_00600-1,PC
s_008um_00629_00636-1,PC
s_008um_00626_00611-1,PC
s_008um_00635_00617-1,PC
s_008um_00629_00629-1,PC
s_008um_00683_00618-1,PC
s_008um_00652_00603-1,PC
s_008um_00628_00606-1,PC
s_008um_00665_00631-1,PC
s_008um_00645_00613-1,PC
s_008um_00667_00611-1,PC
s_008um_00658_00611-1,PC
s_008um_00665_00637-1,PC
s_008um_00647_00599-1,PC
s_008um_00650_00620-1,PC
s_008um_00671_00627-1,PC
s_008um_00653_00608-1,PC
s_008um_00617_00642-1,PC
s_008um_00672_00603-1,PC
s_008um_00647_00639-1,PC
s_008um_00641_00602-1,PC
s_008um_00622_00613-1,PC
s_008um_00668_00615-1,PC
s_008um_00683_00640-1,PC
s_008um_00642_00598-1,PC
s_008um_00673_00611-1,PC
s_008um_00633_00623-1,PC
s_008um_00642_00640-1,PC
s_008um_00674_00617-1,PC
s_008um_00656_00623-1,PC
s_008um_00677_00614-1,PC
s_008um_00663_00626-1,PC
s_008um_00651_00643-1,PC
s_008um_00657_00637-1,PC
s_008um_00691_00622-1,PC
s_008um_00632_00601-1,PC
s_008um_00635_00620-1,PC
s_008um_00680_00609-1,PC
s_008um_00686_00634-1,PC
s_008um_00654_00612-1,PC
s_008um_00667_00643-1,PC
s_008um_00656_00638-1,PC
s_008um_00648_00626-1,PC
s_008um_00660_00609-1,PC
s_008um_00624_00611-1,PC
s_008um_00648_00615-1,PC
s_008um_00655_00604-1,PC
s_008um_00648_00634-1,PC
s_008um_00636_00615-1,PC
s_008um_00629_00632-1,PC
s_008um_00637_00628-1,PC
s_008um_00634_00625-1,PC
s_008um_00621_00629-1,PC
s_008um_00676_00612-1,PC
s_008um_00690_00642-1,PC
s_008um_00654_00636-1,PC
s_008um_00653_00635-1,PC
s_008um_00625_00638-1,PC
s_008um_00654_00606-1,PC
s_008um_00640_00620-1,PC
s_008um_00684_00620-1,PC
s_008um_00621_00643-1,PC
s_008um_00681_00635-1,PC
s_008um_00656_00622-1,PC
s_008um_00625_00601-1,PC
s_008um_00671_00606-1,PC
s_008um_00623_00629-1,PC
s_008um_00664_00623-1,PC
s_008um_00683_00633-1,PC
s_008um_00639_00636-1,PC
s_008um_00685_00621-1,PC
s_008um_00665_00614-1,PC
s_008um_00683_00629-1,PC
s_008um_00657_00620-1,PC
s_008um_00673_00640-1,PC
s_008um_00661_00614-1,PC
s_008um_00682_00619-1,PC
s_008um_00621_00614-1,PC
s_008um_00639_00634-1,PC
s_008um_00656_00600-1,PC
s_008um_00653_00625-1,PC
s_008um_00687_00615-1,PC
s_008um_00638_00611-1,PC
s_008um_00623_00612-1,PC
s_008um_00659_00623-1,PC
s_008um_00674_00606-1,PC
s_008um_00691_00645-1,PC
s_008um_00630_00600-1,PC
s_008um_00634_00629-1,PC
s_008um_00650_00609-1,PC
s_008um_00636_00630-1,PC
s_008um_00684_00622-1,PC
s_008um_00677_00640-1,PC
s_008um_00668_00602-1,PC
s_008um_00635_00642-1,PC
s_008um_00668_00646-1,PC
s_008um_00674_00612-1,PC
s_008um_00671_00640-1,PC
s_008um_00621_00642-1,PC
s_008um_00684_00641-1,PC
s_008um_00639_00620-1,PC
s_008um_00660_00598-1,PC
s_008um_00646_00616-1,PC
s_008um_00667_00608-1,PC
s_008um_00621_00621-1,PC
s_008um_00669_00604-1,PC
s_008um_00638_00631-1,PC
s_008um_00677_00646-1,PC
s_008um_00673_00604-1,PC
s_008um_00631_00636-1,PC
s_008um_00627_00609-1,PC
s_008um_00631_00631-1,PC
s_008um_00619_00644-1,PC
s_008um_00630_00633-1,PC
s_008um_00671_00602-1,PC
s_008um_00669_00634-1,PC
s_008um_00632_00634-1,PC
s_008um_00675_00608-1,PC
s_008um_00691_00628-1,PC
s_008um_00657_00610-1,PC
s_008um_00683_00616-1,PC
s_008um_00657_00627-1,PC
s_008um_00661_00641-1,PC
s_008um_00634_00602-1,PC
s_008um_00682_00622-1,PC
s_008um_00642_00631-1,PC
s_008um_00692_00626-1,PC
s_008um_00622_00617-1,PC
s_008um_00688_00631-1,PC
s_008um_00674_00635-1,PC
s_008um_00674_00633-1,PC
s_008um_00635_00624-1,PC
s_008um_00679_00609-1,PC
s_008um_00631_00620-1,PC
s_008um_00690_00641-1,PC
s_008um_00649_00623-1,PC
s_008um_00685_00622-1,PC
s_008um_00630_00615-1,PC
s_008um_00631_00601-1,PC
s_008um_00635_00630-1,PC
s_008um_00655_00632-1,PC
s_008um_00656_00607-1,PC
s_008um_00643_00603-1,PC
s_008um_00624_00620-1,PC
s_008um_00675_00611-1,PC
s_008um_00666_00639-1,PC
s_008um_00691_00621-1,PC
s_008um_00639_00640-1,PC
s_008um_00674_00623-1,PC
s_008um_00652_00633-1,PC
s_008um_00637_00630-1,PC
s_008um_00638_00632-1,PC
s_008um_00644_00620-1,PC
s_008um_00619_00639-1,PC
s_008um_00693_00645-1,PC
s_008um_00630_00612-1,PC
s_008um_00625_00624-1,PC
s_008um_00631_00619-1,PC
s_008um_00664_00638-1,PC
s_008um_00685_00627-1,PC
s_008um_00689_00627-1,PC
s_008um_00640_00605-1,PC
s_008um_00634_00643-1,PC
s_008um_00635_00614-1,PC
s_008um_00669_00637-1,PC
s_008um_00649_00615-1,PC
s_008um_00657_00635-1,PC
s_008um_00646_00617-1,PC
s_008um_00692_00635-1,PC
s_008um_00618_00642-1,PC
s_008um_00658_00604-1,PC
s_008um_00665_00626-1,PC
s_008um_00652_00629-1,PC
s_008um_00688_00645-1,PC
s_008um_00623_00599-1,PC
s_008um_00681_00631-1,PC
s_008um_00654_00640-1,PC
s_008um_00668_00604-1,PC
s_008um_00686_00628-1,PC
s_008um_00621_00609-1,PC
s_008um_00682_00614-1,PC
s_008um_00671_00638-1,PC
s_008um_00646_00601-1,PC
s_008um_00674_00632-1,PC
s_008um_00650_00607-1,PC
s_008um_00671_00609-1,PC
s_008um_00634_00614-1,PC
s_008um_00682_00638-1,PC
s_008um_00651_00623-1,PC
s_008um_00651_00613-1,PC
s_008um_00638_00630-1,PC
s_008um_00666_00612-1,PC
s_008um_00636_00603-1,PC
s_008um_00684_00625-1,PC
s_008um_00689_00622-1,PC
s_008um_00621_00600-1,PC
s_008um_00624_00601-1,PC
s_008um_00620_00622-1,PC
s_008um_00692_00640-1,PC
s_008um_00679_00626-1,PC
s_008um_00685_00617-1,PC
s_008um_00641_00628-1,PC
s_008um_00629_00616-1,PC
s_008um_00640_00617-1,PC
s_008um_00687_00628-1,PC
s_008um_00688_00639-1,PC
s_008um_00621_00604-1,PC
s_008um_00649_00612-1,PC
s_008um_00670_00603-1,PC
s_008um_00685_00634-1,PC
s_008um_00662_00644-1,PC
s_008um_00633_00622-1,PC
s_008um_00641_00632-1,PC
s_008um_00655_00616-1,PC
s_008um_00660_00632-1,PC
s_008um_00664_00627-1,PC
s_008um_00676_00627-1,PC
s_008um_00656_00603-1,PC
s_008um_00671_00603-1,PC
s_008um_00649_00604-1,PC
s_008um_00674_00642-1,PC
s_008um_00624_00613-1,PC
s_008um_00626_00628-1,PC
s_008um_00677_00638-1,PC
s_008um_00689_00632-1,PC
s_008um_00661_00599-1,PC
s_008um_00659_00606-1,PC
s_008um_00656_00621-1,PC
s_008um_00693_00635-1,PC
s_008um_00684_00633-1,PC
s_008um_00671_00613-1,PC
s_008um_00660_00625-1,PC
s_008um_00653_00645-1,PC
s_008um_00679_00608-1,PC
s_008um_00646_00611-1,PC
s_008um_00641_00630-1,PC
s_008um_00665_00611-1,PC
s_008um_00652_00602-1,PC
s_008um_00657_00618-1,PC
s_008um_00675_00633-1,PC
s_008um_00627_00628-1,PC
s_008um_00666_00608-1,PC
s_008um_00623_00611-1,PC
s_008um_00672_00630-1,PC
s_008um_00664_00600-1,PC
s_008um_00634_00624-1,PC
s_008um_00638_00640-1,PC
s_008um_00633_00616-1,PC
s_008um_00679_00646-1,PC
s_008um_00649_00629-1,PC
s_008um_00636_00643-1,PC
s_008um_00673_00619-1,PC
s_008um_00630_00638-1,PC
s_008um_00653_00622-1,PC
s_008um_00667_00599-1,PC
s_008um_00622_00604-1,PC
s_008um_00617_00635-1,PC
s_008um_00687_00648-1,PC
s_008um_00674_00637-1,PC
s_008um_00672_00622-1,PC
s_008um_00675_00636-1,PC
s_008um_00646_00624-1,PC
s_008um_00689_00615-1,PC
s_008um_00675_00610-1,PC
s_008um_00657_00617-1,PC
s_008um_00646_00630-1,PC
s_008um_00639_00632-1,PC
s_008um_00671_00605-1,PC
s_008um_00649_00636-1,PC
s_008um_00662_00621-1,PC
s_008um_00670_00626-1,PC
s_008um_00671_00622-1,PC
s_008um_00687_00634-1,PC
s_008um_00651_00629-1,PC
s_008um_00677_00641-1,PC
s_008um_00686_00640-1,PC
s_008um_00630_00624-1,PC
s_008um_00673_00637-1,PC
s_008um_00681_00617-1,PC
s_008um_00661_00611-1,PC
s_008um_00659_00631-1,PC
s_008um_00663_00618-1,PC
s_008um_00665_00630-1,PC
s_008um_00658_00605-1,PC
s_008um_00661_00634-1,PC
s_008um_00623_00625-1,PC
s_008um_00642_00626-1,PC
s_008um_00656_00636-1,PC
s_008um_00688_00621-1,PC
s_008um_00651_00633-1,PC
s_008um_00641_00617-1,PC
s_008um_00651_00645-1,PC
s_008um_00669_00635-1,PC
s_008um_00646_00608-1,PC
s_008um_00654_00600-1,PC
s_008um_00624_00624-1,PC
s_008um_00625_00635-1,PC
s_008um_00650_00612-1,PC
s_008um_00690_00640-1,PC
s_008um_00628_00610-1,PC
s_008um_00679_00629-1,PC
s_008um_00643_00599-1,PC
s_008um_00644_00604-1,PC
s_008um_00668_00612-1,PC
s_008um_00693_00630-1,PC
s_008um_00665_00633-1,PC
s_008um_00660_00644-1,PC
s_008um_00622_00611-1,PC
s_008um_00667_00636-1,PC
s_008um_00690_00634-1,PC
s_008um_00647_00616-1,PC
s_008um_00685_00619-1,PC
s_008um_00644_00638-1,PC
s_008um_00667_00625-1,PC
s_008um_00677_00626-1,PC
s_008um_00632_00625-1,PC
s_008um_00669_00609-1,PC
s_008um_00670_00643-1,PC
s_008um_00664_00607-1,PC
s_008um_00686_00627-1,PC
s_008um_00661_00628-1,PC
s_008um_00624_00638-1,PC
s_008um_00634_00631-1,PC
s_008um_00633_00621-1,PC
s_008um_00657_00642-1,PC
s_008um_00664_00617-1,PC
s_008um_00676_00626-1,PC
s_008um_00662_00613-1,PC
s_008um_00637_00636-1,PC
s_008um_00629_00643-1,PC
s_008um_00661_00608-1,PC
s_008um_00659_00645-1,PC
s_008um_00671_00633-1,PC
s_008um_00652_00628-1,PC
s_008um_00624_00605-1,PC
s_008um_00651_00635-1,PC
s_008um_00660_00636-1,PC
s_008um_00656_00608-1,PC
s_008um_00692_00628-1,PC
s_008um_00619_00627-1,PC
s_008um_00672_00638-1,PC
s_008um_00685_00648-1,PC
s_008um_00641_00638-1,PC
s_008um_00620_00602-1,PC
s_008um_00681_00629-1,PC
s_008um_00691_00641-1,PC
s_008um_00669_00641-1,PC
s_008um_00690_00623-1,PC
s_008um_00678_00608-1,PC
s_008um_00636_00625-1,PC
s_008um_00631_00630-1,PC
s_008um_00653_00602-1,PC
s_008um_00667_00624-1,PC
s_008um_00637_00619-1,PC
s_008um_00646_00642-1,PC
s_008um_00668_00624-1,PC
s_008um_00647_00615-1,PC
s_008um_00680_00613-1,PC
s_008um_00637_00625-1,PC
s_008um_00671_00618-1,PC
s_008um_00646_00618-1,PC
s_008um_00639_00642-1,PC
s_008um_00668_00639-1,PC
s_008um_00691_00626-1,PC
s_008um_00637_00643-1,PC
s_008um_00686_00615-1,PC
s_008um_00647_00600-1,PC
s_008um_00650_00601-1,PC
s_008um_00676_00629-1,PC
s_008um_00619_00611-1,PC
s_008um_00636_00626-1,PC
s_008um_00642_00620-1,PC
s_008um_00667_00615-1,PC
s_008um_00688_00632-1,PC
s_008um_00631_00635-1,PC
s_008um_00688_00612-1,PC
s_008um_00631_00623-1,PC
s_008um_00665_00645-1,PC
s_008um_00646_00638-1,PC
s_008um_00688_00628-1,PC
s_008um_00662_00603-1,PC
s_008um_00633_00627-1,PC
s_008um_00645_00610-1,PC
s_008um_00651_00615-1,PC
s_008um_00676_00624-1,PC
s_008um_00639_00610-1,PC
s_008um_00629_00618-1,PC
s_008um_00633_00614-1,PC
s_008um_00660_00637-1,PC
s_008um_00663_00639-1,PC
s_008um_00670_00625-1,PC
s_008um_00639_00639-1,PC
s_008um_00651_00614-1,PC
s_008um_00670_00623-1,PC
s_008um_00688_00638-1,PC
s_008um_00625_00628-1,PC
s_008um_00667_00621-1,PC
s_008um_00660_00628-1,PC
s_008um_00678_00626-1,PC
s_008um_00628_00618-1,PC
s_008um_00665_00641-1,PC
s_008um_00675_00624-1,PC
s_008um_00686_00639-1,PC
s_008um_00646_00620-1,PC
s_008um_00659_00608-1,PC
s_008um_00683_00609-1,PC
s_008um_00661_00627-1,PC
s_008um_00621_00640-1,PC
s_008um_00644_00623-1,PC
s_008um_00631_00615-1,PC
s_008um_00666_00643-1,PC
s_008um_00653_00639-1,PC
s_008um_00653_00630-1,PC
s_008um_00677_00605-1,PC
s_008um_00658_00632-1,PC
s_008um_00636_00614-1,PC
s_008um_00650_00628-1,PC
s_008um_00634_00612-1,PC
s_008um_00632_00602-1,PC
s_008um_00665_00615-1,PC
s_008um_00660_00620-1,PC
s_008um_00638_00607-1,PC
s_008um_00669_00619-1,PC
s_008um_00622_00633-1,PC
s_008um_00678_00635-1,PC
s_008um_00627_00604-1,PC
s_008um_00649_00609-1,PC
s_008um_00664_00620-1,PC
s_008um_00684_00619-1,PC
s_008um_00648_00598-1,PC
s_008um_00625_00634-1,PC
s_008um_00680_00627-1,PC
s_008um_00660_00607-1,PC
s_008um_00677_00609-1,PC
s_008um_00632_00643-1,PC
s_008um_00676_00640-1,PC
s_008um_00648_00599-1,PC
s_008um_00692_00645-1,PC
s_008um_00634_00603-1,PC
s_008um_00631_00612-1,PC
s_008um_00656_00634-1,PC
s_008um_00643_00613-1,PC
s_008um_00633_00640-1,PC
s_008um_00659_00618-1,PC
s_008um_00619_00631-1,PC
s_008um_00645_00602-1,PC
s_008um_00678_00609-1,PC
s_008um_00663_00621-1,PC
s_008um_00637_00616-1,PC
s_008um_00639_00637-1,PC
s_008um_00667_00610-1,PC
s_008um_00630_00609-1,PC
s_008um_00664_00605-1,PC
s_008um_00667_00613-1,PC
s_008um_00621_00602-1,PC
s_008um_00666_00629-1,PC
s_008um_00638_00626-1,PC
s_008um_00657_00598-1,PC
s_008um_00671_00623-1,PC
s_008um_00688_00623-1,PC
s_008um_00636_00624-1,PC
s_008um_00666_00622-1,PC
s_008um_00691_00638-1,PC
s_008um_00643_00601-1,PC
s_008um_00658_00634-1,PC
s_008um_00624_00635-1,PC
s_008um_00625_00605-1,PC
s_008um_00643_00637-1,PC
s_008um_00624_00625-1,PC
s_008um_00662_00639-1,PC
s_008um_00663_00624-1,PC
s_008um_00684_00644-1,PC
s_008um_00669_00645-1,PC
s_008um_00690_00643-1,PC
s_008um_00684_00609-1,PC
s_008um_00643_00632-1,PC
s_008um_00681_00610-1,PC
s_008um_00677_00618-1,PC
s_008um_00656_00614-1,PC
s_008um_00634_00635-1,PC
s_008um_00686_00646-1,PC
s_008um_00672_00606-1,PC
s_008um_00658_00609-1,PC
s_008um_00632_00603-1,PC
s_008um_00661_00604-1,PC
s_008um_00663_00634-1,PC
s_008um_00636_00637-1,PC
s_008um_00633_00629-1,PC
s_008um_00629_00633-1,PC
s_008um_00628_00637-1,PC
s_008um_00652_00606-1,PC
s_008um_00631_00626-1,PC
s_008um_00658_00603-1,PC
s_008um_00635_00610-1,PC
s_008um_00685_00642-1,PC
s_008um_00685_00635-1,PC
s_008um_00647_00626-1,PC
s_008um_00668_00621-1,PC
s_008um_00653_00612-1,PC
s_008um_00675_00607-1,PC
s_008um_00638_00642-1,PC
s_008um_00691_00640-1,PC
s_008um_00683_00642-1,PC
s_008um_00625_00621-1,PC
s_008um_00674_00611-1,PC
s_008um_00629_00606-1,PC
s_008um_00643_00608-1,PC
s_008um_00641_00613-1,PC
s_008um_00669_00613-1,PC
s_008um_00633_00628-1,PC
s_008um_00646_00605-1,PC
s_008um_00681_00643-1,PC
s_008um_00690_00649-1,PC
s_008um_00687_00639-1,PC
s_008um_00665_00635-1,PC
s_008um_00688_00627-1,PC
s_008um_00643_00643-1,PC
s_008um_00680_00640-1,PC
s_008um_00632_00607-1,PC
s_008um_00628_00604-1,PC
s_008um_00650_00599-1,PC
s_008um_00664_00624-1,PC
s_008um_00639_00616-1,PC
s_008um_00660_00630-1,PC
s_008um_00662_00633-1,PC
s_008um_00688_00617-1,PC
s_008um_00639_00601-1,PC
s_008um_00674_00602-1,PC
s_008um_00667_00637-1,PC
s_008um_00632_00639-1,PC
s_008um_00623_00606-1,PC
s_008um_00652_00643-1,PC
s_008um_00633_00611-1,PC
s_008um_00682_00620-1,PC
s_008um_00670_00640-1,PC
s_008um_00628_00638-1,PC
s_008um_00674_00627-1,PC
s_008um_00682_00631-1,PC
s_008um_00673_00635-1,PC
s_008um_00691_00624-1,PC
s_008um_00628_00620-1,PC
s_008um_00689_00634-1,PC
s_008um_00644_00628-1,PC
s_008um_00632_00631-1,PC
s_008um_00689_00641-1,PC
s_008um_00663_00614-1,PC
s_008um_00630_00642-1,PC
s_008um_00624_00610-1,PC
s_008um_00620_00627-1,PC
s_008um_00638_00619-1,PC
s_008um_00658_00607-1,PC
s_008um_00619_00605-1,PC
s_008um_00646_00621-1,PC
s_008um_00651_00639-1,PC
s_008um_00646_00626-1,PC
s_008um_00643_00610-1,PC
s_008um_00650_00644-1,PC
s_008um_00622_00609-1,PC
s_008um_00687_00636-1,PC
s_008um_00656_00604-1,PC
s_008um_00654_00624-1,PC
s_008um_00663_00622-1,PC
s_008um_00657_00602-1,PC
s_008um_00660_00613-1,PC
s_008um_00620_00628-1,PC
s_008um_00640_00618-1,PC
s_008um_00669_00605-1,PC
s_008um_00631_00610-1,PC
s_008um_00631_00633-1,PC
s_008um_00622_00634-1,PC
s_008um_00638_00618-1,PC
s_008um_00663_00632-1,PC
s_008um_00644_00643-1,PC
s_008um_00644_00636-1,PC
s_008um_00688_00618-1,PC
s_008um_00642_00628-1,PC
s_008um_00686_00637-1,PC
s_008um_00679_00639-1,PC
s_008um_00624_00630-1,PC
s_008um_00656_00643-1,PC
s_008um_00617_00637-1,PC
s_008um_00668_00622-1,PC
s_008um_00624_00641-1,PC
s_008um_00661_00636-1,PC
s_008um_00659_00609-1,PC
s_008um_00683_00624-1,PC
s_008um_00682_00633-1,PC
s_008um_00629_00613-1,PC
s_008um_00668_00630-1,PC
s_008um_00686_00633-1,PC
s_008um_00633_00643-1,PC
s_008um_00640_00622-1,PC
s_008um_00636_00616-1,PC
s_008um_00653_00610-1,PC
s_008um_00676_00635-1,PC
s_008um_00636_00621-1,PC
s_008um_00680_00619-1,PC
s_008um_00647_00642-1,PC
s_008um_00667_00605-1,PC
s_008um_00685_00638-1,PC
s_008um_00670_00620-1,PC
s_008um_00668_00634-1,PC
s_008um_00686_00645-1,PC
s_008um_00648_00602-1,PC
s_008um_00643_00636-1,PC
s_008um_00625_00614-1,PC
s_008um_00685_00620-1,PC
s_008um_00686_00644-1,PC
s_008um_00680_00634-1,PC
s_008um_00662_00622-1,PC
s_008um_00646_00622-1,PC
s_008um_00689_00645-1,PC
s_008um_00652_00619-1,PC
s_008um_00633_00613-1,PC
s_008um_00633_00599-1,PC
s_008um_00667_00633-1,PC
s_008um_00682_00627-1,PC
s_008um_00624_00623-1,PC
s_008um_00679_00627-1,PC
s_008um_00671_00607-1,PC
s_008um_00643_00635-1,PC
s_008um_00636_00636-1,PC
s_008um_00635_00629-1,PC
s_008um_00633_00641-1,PC
s_008um_00680_00625-1,PC
s_008um_00664_00606-1,PC
s_008um_00651_00630-1,PC
s_008um_00629_00631-1,PC
s_008um_00657_00599-1,PC
s_008um_00684_00616-1,PC
s_008um_00666_00624-1,PC
s_008um_00662_00635-1,PC
s_008um_00624_00617-1,PC
s_008um_00638_00605-1,PC
s_008um_00621_00625-1,PC
s_008um_00674_00616-1,PC
s_008um_00630_00639-1,PC
s_008um_00683_00621-1,PC
s_008um_00646_00636-1,PC
s_008um_00690_00645-1,PC
s_008um_00651_00628-1,PC
s_008um_00677_00613-1,PC
s_008um_00680_00620-1,PC
s_008um_00627_00619-1,PC
s_008um_00688_00644-1,PC
s_008um_00656_00606-1,PC
s_008um_00669_00610-1,PC
s_008um_00665_00622-1,PC
s_008um_00654_00626-1,PC
s_008um_00646_00600-1,PC
s_008um_00645_00632-1,PC
s_008um_00633_00602-1,PC
s_008um_00637_00610-1,PC
s_008um_00639_00609-1,PC
s_008um_00671_00610-1,PC
s_008um_00653_00631-1,PC
s_008um_00652_00622-1,PC
s_008um_00618_00640-1,PC
s_008um_00668_00609-1,PC
s_008um_00640_00615-1,PC
s_008um_00648_00637-1,PC
s_008um_00671_00637-1,PC
s_008um_00624_00644-1,PC
s_008um_00645_00627-1,PC
s_008um_00673_00606-1,PC
s_008um_00687_00620-1,PC
s_008um_00629_00634-1,PC
s_008um_00681_00630-1,PC
s_008um_00637_00617-1,PC
s_008um_00643_00629-1,PC
s_008um_00649_00618-1,PC
s_008um_00652_00618-1,PC
s_008um_00668_00600-1,PC
s_008um_00682_00611-1,PC
s_008um_00680_00638-1,PC
s_008um_00693_00641-1,PC
s_008um_00629_00600-1,PC
s_008um_00625_00611-1,PC
s_008um_00657_00628-1,PC
s_008um_00690_00637-1,PC
s_008um_00662_00605-1,PC
s_008um_00659_00604-1,PC
s_008um_00678_00611-1,PC
s_008um_00641_00635-1,PC
s_008um_00679_00645-1,PC
s_008um_00675_00640-1,PC
s_008um_00641_00601-1,PC
s_008um_00661_00626-1,PC
s_008um_00645_00637-1,PC
s_008um_00650_00622-1,PC
s_008um_00665_00613-1,PC
s_008um_00624_00603-1,PC
s_008um_00675_00617-1,PC
s_008um_00637_00602-1,PC
s_008um_00653_00627-1,PC
s_008um_00662_00628-1,PC
s_008um_00632_00622-1,PC
s_008um_00630_00641-1,PC
s_008um_00622_00622-1,PC
s_008um_00664_00599-1,PC
s_008um_00643_00612-1,PC
s_008um_00660_00631-1,PC
s_008um_00642_00639-1,PC
s_008um_00626_00626-1,PC
s_008um_00649_00601-1,PC
s_008um_00648_00603-1,PC
s_008um_00627_00614-1,PC
s_008um_00645_00630-1,PC
s_008um_00639_00613-1,PC
s_008um_00622_00614-1,PC
s_008um_00622_00616-1,PC
s_008um_00651_00604-1,PC
s_008um_00686_00642-1,PC
s_008um_00672_00646-1,PC
s_008um_00675_00645-1,PC
s_008um_00665_00639-1,PC
s_008um_00641_00608-1,PC
s_008um_00689_00647-1,PC
s_008um_00691_00634-1,PC
s_008um_00647_00610-1,PC
s_008um_00634_00611-1,PC
s_008um_00673_00602-1,PC
s_008um_00670_00614-1,PC
s_008um_00657_00641-1,PC
s_008um_00692_00642-1,PC
s_008um_00632_00633-1,PC
s_008um_00658_00600-1,PC
s_008um_00627_00602-1,PC
s_008um_00683_00647-1,PC
s_008um_00629_00610-1,PC
s_008um_00654_00602-1,PC
s_008um_00665_00618-1,PC
s_008um_00688_00641-1,PC
s_008um_00618_00636-1,PC
s_008um_00668_00638-1,PC
s_008um_00654_00625-1,PC
s_008um_00635_00640-1,PC
s_008um_00680_00622-1,PC
s_008um_00626_00622-1,PC
s_008um_00692_00617-1,PC
s_008um_00650_00631-1,PC
s_008um_00670_00622-1,PC
s_008um_00675_00646-1,PC
s_008um_00625_00629-1,PC
s_008um_00667_00616-1,PC
s_008um_00620_00624-1,PC
s_008um_00672_00632-1,PC
s_008um_00685_00636-1,PC
s_008um_00665_00642-1,PC
s_008um_00663_00631-1,PC
s_008um_00680_00633-1,PC
s_008um_00660_00639-1,PC
s_008um_00671_00645-1,PC
s_008um_00665_00601-1,PC
s_008um_00660_00634-1,PC
s_008um_00671_00608-1,PC
s_008um_00674_00604-1,PC
s_008um_00675_00641-1,PC
s_008um_00689_00624-1,PC
s_008um_00652_00616-1,PC
s_008um_00673_00628-1,PC
s_008um_00689_00642-1,PC
s_008um_00618_00631-1,PC
s_008um_00692_00625-1,PC
s_008um_00627_00626-1,PC
s_008um_00665_00612-1,PC
s_008um_00626_00627-1,PC
s_008um_00657_00612-1,PC
s_008um_00678_00612-1,PC
s_008um_00634_00618-1,PC
s_008um_00622_00615-1,PC
s_008um_00676_00642-1,PC
s_008um_00619_00634-1,PC
s_008um_00647_00634-1,PC
s_008um_00641_00600-1,PC
s_008um_00651_00637-1,PC
s_008um_00665_00623-1,PC
s_008um_00637_00620-1,PC
s_008um_00641_00619-1,PC
s_008um_00632_00626-1,PC
s_008um_00667_00639-1,PC
s_008um_00640_00635-1,PC
s_008um_00670_00646-1,PC
s_008um_00650_00642-1,PC
s_008um_00626_00643-1,PC
s_008um_00617_00633-1,PC
s_008um_00679_00607-1,PC
s_008um_00624_00634-1,PC
s_008um_00636_00618-1,PC
s_008um_00627_00625-1,PC
s_008um_00694_00621-1,PC
s_008um_00620_00612-1,PC
s_008um_00620_00625-1,PC
s_008um_00644_00624-1,PC
s_008um_00687_00630-1,PC
s_008um_00636_00601-1,PC
s_008um_00643_00618-1,PC
