Barcode,Mid
s_008um_00429_00238-1,PC
s_008um_00451_00208-1,PC
s_008um_00428_00235-1,PC
s_008um_00478_00202-1,PC
s_008um_00479_00203-1,PC
s_008um_00472_00227-1,PC
s_008um_00438_00229-1,PC
s_008um_00479_00232-1,PC
s_008um_00435_00218-1,PC
s_008um_00474_00224-1,PC
s_008um_00470_00231-1,PC
s_008um_00447_00216-1,PC
s_008um_00462_00231-1,PC
s_008um_00431_00210-1,PC
s_008um_00431_00209-1,PC
s_008um_00421_00220-1,PC
s_008um_00419_00226-1,PC
s_008um_00460_00204-1,PC
s_008um_00476_00233-1,PC
s_008um_00481_00210-1,PC
s_008um_00477_00206-1,PC
s_008um_00428_00226-1,PC
s_008um_00479_00218-1,PC
s_008um_00434_00226-1,PC
s_008um_00443_00218-1,PC
s_008um_00447_00229-1,PC
s_008um_00475_00238-1,PC
s_008um_00447_00212-1,PC
s_008um_00477_00208-1,PC
s_008um_00471_00217-1,PC
s_008um_00443_00232-1,PC
s_008um_00426_00224-1,PC
s_008um_00417_00227-1,PC
s_008um_00412_00226-1,PC
s_008um_00456_00211-1,PC
s_008um_00413_00204-1,PC
s_008um_00459_00202-1,PC
s_008um_00460_00224-1,PC
s_008um_00452_00239-1,PC
s_008um_00427_00230-1,PC
s_008um_00474_00203-1,PC
s_008um_00472_00205-1,PC
s_008um_00472_00232-1,PC
s_008um_00466_00237-1,PC
s_008um_00449_00219-1,PC
s_008um_00476_00221-1,PC
s_008um_00440_00206-1,PC
s_008um_00456_00215-1,PC
s_008um_00463_00242-1,PC
s_008um_00426_00226-1,PC
s_008um_00437_00227-1,PC
s_008um_00475_00220-1,PC
s_008um_00472_00198-1,PC
s_008um_00446_00202-1,PC
s_008um_00441_00223-1,PC
s_008um_00466_00216-1,PC
s_008um_00447_00208-1,PC
s_008um_00459_00208-1,PC
s_008um_00409_00223-1,PC
s_008um_00459_00232-1,PC
s_008um_00455_00221-1,PC
s_008um_00438_00205-1,PC
s_008um_00421_00204-1,PC
s_008um_00479_00201-1,PC
s_008um_00474_00227-1,PC
s_008um_00471_00232-1,PC
s_008um_00468_00222-1,PC
s_008um_00448_00216-1,PC
s_008um_00454_00204-1,PC
s_008um_00472_00209-1,PC
s_008um_00415_00230-1,PC
s_008um_00450_00213-1,PC
s_008um_00481_00209-1,PC
s_008um_00444_00224-1,PC
s_008um_00412_00209-1,PC
s_008um_00480_00234-1,PC
s_008um_00477_00230-1,PC
s_008um_00462_00227-1,PC
s_008um_00446_00210-1,PC
s_008um_00446_00212-1,PC
s_008um_00450_00211-1,PC
s_008um_00426_00205-1,PC
s_008um_00413_00207-1,PC
s_008um_00468_00215-1,PC
s_008um_00429_00237-1,PC
s_008um_00474_00233-1,PC
s_008um_00482_00218-1,PC
s_008um_00441_00207-1,PC
s_008um_00464_00215-1,PC
s_008um_00461_00236-1,PC
s_008um_00454_00237-1,PC
s_008um_00419_00217-1,PC
s_008um_00435_00210-1,PC
s_008um_00454_00238-1,PC
s_008um_00458_00210-1,PC
s_008um_00475_00230-1,PC
s_008um_00437_00203-1,PC
s_008um_00438_00233-1,PC
s_008um_00457_00242-1,PC
s_008um_00435_00226-1,PC
s_008um_00436_00226-1,PC
s_008um_00471_00213-1,PC
s_008um_00439_00211-1,PC
s_008um_00429_00207-1,PC
s_008um_00415_00232-1,PC
s_008um_00451_00204-1,PC
s_008um_00461_00204-1,PC
s_008um_00417_00213-1,PC
s_008um_00482_00229-1,PC
s_008um_00461_00229-1,PC
s_008um_00466_00217-1,PC
s_008um_00470_00202-1,PC
s_008um_00450_00217-1,PC
s_008um_00442_00225-1,PC
s_008um_00447_00241-1,PC
s_008um_00475_00207-1,PC
s_008um_00438_00223-1,PC
s_008um_00438_00231-1,PC
s_008um_00452_00206-1,PC
s_008um_00438_00228-1,PC
s_008um_00475_00210-1,PC
s_008um_00469_00239-1,PC
s_008um_00469_00201-1,PC
s_008um_00435_00235-1,PC
s_008um_00444_00227-1,PC
s_008um_00479_00204-1,PC
s_008um_00458_00207-1,PC
s_008um_00473_00203-1,PC
s_008um_00467_00226-1,PC
s_008um_00432_00226-1,PC
s_008um_00464_00228-1,PC
s_008um_00455_00238-1,PC
s_008um_00426_00229-1,PC
s_008um_00433_00229-1,PC
s_008um_00474_00223-1,PC
s_008um_00445_00234-1,PC
s_008um_00466_00232-1,PC
s_008um_00457_00233-1,PC
s_008um_00450_00232-1,PC
s_008um_00448_00212-1,PC
s_008um_00414_00219-1,PC
s_008um_00456_00223-1,PC
s_008um_00444_00241-1,PC
s_008um_00420_00225-1,PC
s_008um_00462_00210-1,PC
s_008um_00444_00223-1,PC
s_008um_00432_00204-1,PC
s_008um_00474_00198-1,PC
s_008um_00449_00212-1,PC
s_008um_00470_00223-1,PC
s_008um_00442_00216-1,PC
s_008um_00463_00226-1,PC
s_008um_00462_00240-1,PC
s_008um_00413_00219-1,PC
s_008um_00450_00203-1,PC
s_008um_00444_00226-1,PC
s_008um_00443_00223-1,PC
s_008um_00456_00221-1,PC
s_008um_00469_00202-1,PC
s_008um_00465_00226-1,PC
s_008um_00441_00233-1,PC
s_008um_00461_00225-1,PC
s_008um_00462_00238-1,PC
s_008um_00482_00232-1,PC
s_008um_00412_00225-1,PC
s_008um_00413_00225-1,PC
s_008um_00468_00205-1,PC
s_008um_00445_00240-1,PC
s_008um_00458_00240-1,PC
s_008um_00409_00207-1,PC
s_008um_00427_00205-1,PC
s_008um_00467_00209-1,PC
s_008um_00432_00232-1,PC
s_008um_00456_00238-1,PC
s_008um_00466_00235-1,PC
s_008um_00478_00198-1,PC
s_008um_00461_00226-1,PC
s_008um_00419_00209-1,PC
s_008um_00477_00228-1,PC
s_008um_00483_00228-1,PC
s_008um_00445_00209-1,PC
s_008um_00477_00232-1,PC
s_008um_00417_00209-1,PC
s_008um_00453_00215-1,PC
s_008um_00430_00209-1,PC
s_008um_00434_00224-1,PC
s_008um_00470_00199-1,PC
s_008um_00448_00241-1,PC
s_008um_00409_00202-1,PC
s_008um_00440_00207-1,PC
s_008um_00421_00227-1,PC
s_008um_00459_00230-1,PC
s_008um_00413_00211-1,PC
s_008um_00440_00218-1,PC
s_008um_00457_00237-1,PC
s_008um_00467_00217-1,PC
s_008um_00460_00207-1,PC
s_008um_00478_00217-1,PC
s_008um_00439_00214-1,PC
s_008um_00465_00222-1,PC
s_008um_00431_00230-1,PC
s_008um_00422_00225-1,PC
s_008um_00431_00205-1,PC
s_008um_00465_00204-1,PC
s_008um_00447_00207-1,PC
s_008um_00462_00203-1,PC
s_008um_00470_00215-1,PC
s_008um_00436_00220-1,PC
s_008um_00417_00224-1,PC
s_008um_00447_00215-1,PC
s_008um_00473_00208-1,PC
s_008um_00445_00206-1,PC
s_008um_00464_00237-1,PC
s_008um_00454_00224-1,PC
s_008um_00435_00207-1,PC
s_008um_00432_00211-1,PC
s_008um_00464_00223-1,PC
s_008um_00454_00235-1,PC
s_008um_00477_00197-1,PC
s_008um_00430_00204-1,PC
s_008um_00420_00236-1,PC
s_008um_00447_00233-1,PC
s_008um_00423_00221-1,PC
s_008um_00412_00207-1,PC
s_008um_00444_00204-1,PC
s_008um_00414_00210-1,PC
s_008um_00468_00221-1,PC
s_008um_00445_00205-1,PC
s_008um_00470_00225-1,PC
s_008um_00451_00207-1,PC
s_008um_00414_00228-1,PC
s_008um_00430_00217-1,PC
s_008um_00438_00208-1,PC
s_008um_00462_00204-1,PC
s_008um_00418_00227-1,PC
s_008um_00458_00236-1,PC
s_008um_00482_00222-1,PC
s_008um_00436_00240-1,PC
s_008um_00469_00206-1,PC
s_008um_00455_00219-1,PC
s_008um_00438_00206-1,PC
s_008um_00407_00212-1,PC
s_008um_00471_00216-1,PC
s_008um_00429_00210-1,PC
s_008um_00460_00225-1,PC
s_008um_00462_00215-1,PC
s_008um_00427_00207-1,PC
s_008um_00463_00214-1,PC
s_008um_00435_00205-1,PC
s_008um_00437_00213-1,PC
s_008um_00463_00217-1,PC
s_008um_00428_00212-1,PC
s_008um_00412_00202-1,PC
s_008um_00413_00212-1,PC
s_008um_00410_00203-1,PC
s_008um_00449_00214-1,PC
s_008um_00418_00212-1,PC
s_008um_00478_00231-1,PC
s_008um_00430_00224-1,PC
s_008um_00464_00241-1,PC
s_008um_00421_00226-1,PC
s_008um_00410_00201-1,PC
s_008um_00465_00240-1,PC
s_008um_00456_00222-1,PC
s_008um_00453_00225-1,PC
s_008um_00432_00225-1,PC
s_008um_00432_00222-1,PC
s_008um_00476_00212-1,PC
s_008um_00472_00202-1,PC
s_008um_00477_00217-1,PC
s_008um_00430_00237-1,PC
s_008um_00454_00234-1,PC
s_008um_00461_00223-1,PC
s_008um_00417_00221-1,PC
s_008um_00469_00230-1,PC
s_008um_00467_00237-1,PC
s_008um_00482_00195-1,PC
s_008um_00474_00207-1,PC
s_008um_00467_00213-1,PC
s_008um_00414_00208-1,PC
s_008um_00427_00206-1,PC
s_008um_00471_00201-1,PC
s_008um_00436_00224-1,PC
s_008um_00433_00230-1,PC
s_008um_00418_00209-1,PC
s_008um_00441_00211-1,PC
s_008um_00473_00222-1,PC
s_008um_00468_00241-1,PC
s_008um_00471_00228-1,PC
s_008um_00436_00219-1,PC
s_008um_00457_00228-1,PC
s_008um_00429_00204-1,PC
s_008um_00430_00219-1,PC
s_008um_00438_00219-1,PC
s_008um_00419_00228-1,PC
s_008um_00434_00205-1,PC
s_008um_00443_00206-1,PC
s_008um_00428_00211-1,PC
s_008um_00447_00231-1,PC
s_008um_00432_00207-1,PC
s_008um_00471_00234-1,PC
s_008um_00451_00236-1,PC
s_008um_00458_00208-1,PC
s_008um_00421_00208-1,PC
s_008um_00449_00211-1,PC
s_008um_00446_00206-1,PC
s_008um_00451_00221-1,PC
s_008um_00409_00215-1,PC
s_008um_00415_00222-1,PC
s_008um_00456_00219-1,PC
s_008um_00463_00206-1,PC
s_008um_00481_00213-1,PC
s_008um_00471_00202-1,PC
s_008um_00416_00218-1,PC
s_008um_00427_00236-1,PC
s_008um_00466_00211-1,PC
s_008um_00471_00208-1,PC
s_008um_00479_00208-1,PC
s_008um_00469_00228-1,PC
s_008um_00423_00234-1,PC
s_008um_00444_00203-1,PC
s_008um_00445_00237-1,PC
s_008um_00439_00233-1,PC
s_008um_00446_00230-1,PC
s_008um_00480_00220-1,PC
s_008um_00405_00202-1,PC
s_008um_00472_00218-1,PC
s_008um_00470_00213-1,PC
s_008um_00471_00227-1,PC
s_008um_00466_00210-1,PC
s_008um_00422_00216-1,PC
s_008um_00461_00212-1,PC
s_008um_00450_00223-1,PC
s_008um_00431_00213-1,PC
s_008um_00458_00226-1,PC
s_008um_00453_00230-1,PC
s_008um_00481_00220-1,PC
s_008um_00462_00232-1,PC
s_008um_00431_00233-1,PC
s_008um_00455_00224-1,PC
s_008um_00467_00214-1,PC
s_008um_00427_00235-1,PC
s_008um_00436_00210-1,PC
s_008um_00452_00203-1,PC
s_008um_00475_00206-1,PC
s_008um_00419_00218-1,PC
s_008um_00473_00206-1,PC
s_008um_00443_00225-1,PC
s_008um_00438_00209-1,PC
s_008um_00468_00239-1,PC
s_008um_00457_00235-1,PC
s_008um_00423_00228-1,PC
s_008um_00450_00226-1,PC
s_008um_00470_00208-1,PC
s_008um_00476_00231-1,PC
s_008um_00431_00222-1,PC
s_008um_00474_00206-1,PC
s_008um_00436_00214-1,PC
s_008um_00462_00239-1,PC
s_008um_00416_00233-1,PC
s_008um_00416_00213-1,PC
s_008um_00411_00202-1,PC
s_008um_00483_00230-1,PC
s_008um_00422_00212-1,PC
s_008um_00444_00217-1,PC
s_008um_00425_00203-1,PC
s_008um_00468_00210-1,PC
s_008um_00404_00201-1,PC
s_008um_00470_00230-1,PC
s_008um_00460_00235-1,PC
s_008um_00431_00217-1,PC
s_008um_00473_00218-1,PC
s_008um_00458_00241-1,PC
s_008um_00429_00236-1,PC
s_008um_00418_00225-1,PC
s_008um_00469_00199-1,PC
s_008um_00467_00224-1,PC
s_008um_00472_00229-1,PC
s_008um_00412_00234-1,PC
s_008um_00464_00218-1,PC
s_008um_00476_00227-1,PC
s_008um_00437_00220-1,PC
s_008um_00463_00207-1,PC
s_008um_00431_00223-1,PC
s_008um_00474_00234-1,PC
s_008um_00475_00204-1,PC
s_008um_00415_00231-1,PC
s_008um_00471_00207-1,PC
s_008um_00479_00227-1,PC
s_008um_00479_00219-1,PC
s_008um_00470_00216-1,PC
s_008um_00440_00233-1,PC
s_008um_00452_00231-1,PC
s_008um_00448_00234-1,PC
s_008um_00480_00206-1,PC
s_008um_00426_00223-1,PC
s_008um_00432_00237-1,PC
s_008um_00471_00209-1,PC
s_008um_00435_00238-1,PC
s_008um_00429_00228-1,PC
s_008um_00479_00196-1,PC
s_008um_00439_00236-1,PC
s_008um_00456_00213-1,PC
s_008um_00461_00234-1,PC
s_008um_00442_00218-1,PC
s_008um_00422_00233-1,PC
s_008um_00479_00210-1,PC
s_008um_00459_00237-1,PC
s_008um_00474_00205-1,PC
s_008um_00465_00214-1,PC
s_008um_00430_00222-1,PC
s_008um_00475_00203-1,PC
s_008um_00467_00233-1,PC
s_008um_00413_00203-1,PC
s_008um_00437_00237-1,PC
s_008um_00465_00232-1,PC
s_008um_00425_00213-1,PC
s_008um_00478_00207-1,PC
s_008um_00461_00230-1,PC
s_008um_00429_00211-1,PC
s_008um_00479_00221-1,PC
s_008um_00423_00217-1,PC
s_008um_00411_00226-1,PC
s_008um_00469_00215-1,PC
s_008um_00471_00231-1,PC
s_008um_00448_00228-1,PC
s_008um_00428_00237-1,PC
s_008um_00407_00206-1,PC
s_008um_00475_00226-1,PC
s_008um_00455_00212-1,PC
s_008um_00481_00225-1,PC
s_008um_00474_00214-1,PC
s_008um_00437_00238-1,PC
s_008um_00422_00205-1,PC
s_008um_00443_00229-1,PC
s_008um_00436_00228-1,PC
s_008um_00466_00209-1,PC
s_008um_00471_00205-1,PC
s_008um_00459_00209-1,PC
s_008um_00442_00233-1,PC
s_008um_00419_00206-1,PC
s_008um_00451_00214-1,PC
s_008um_00441_00209-1,PC
s_008um_00454_00217-1,PC
s_008um_00481_00224-1,PC
s_008um_00422_00211-1,PC
s_008um_00439_00225-1,PC
s_008um_00475_00213-1,PC
s_008um_00476_00207-1,PC
s_008um_00446_00231-1,PC
s_008um_00446_00205-1,PC
s_008um_00435_00239-1,PC
s_008um_00481_00208-1,PC
s_008um_00416_00228-1,PC
s_008um_00416_00225-1,PC
s_008um_00462_00226-1,PC
s_008um_00437_00239-1,PC
s_008um_00459_00231-1,PC
s_008um_00450_00241-1,PC
s_008um_00433_00232-1,PC
s_008um_00439_00222-1,PC
s_008um_00411_00217-1,PC
s_008um_00480_00217-1,PC
s_008um_00444_00237-1,PC
s_008um_00408_00213-1,PC
s_008um_00441_00216-1,PC
s_008um_00445_00212-1,PC
s_008um_00453_00205-1,PC
s_008um_00474_00209-1,PC
s_008um_00455_00239-1,PC
s_008um_00436_00232-1,PC
s_008um_00455_00217-1,PC
s_008um_00425_00223-1,PC
s_008um_00431_00208-1,PC
s_008um_00420_00232-1,PC
s_008um_00474_00210-1,PC
s_008um_00421_00205-1,PC
s_008um_00433_00225-1,PC
s_008um_00449_00238-1,PC
s_008um_00473_00210-1,PC
s_008um_00473_00221-1,PC
s_008um_00412_00228-1,PC
s_008um_00422_00226-1,PC
s_008um_00434_00229-1,PC
s_008um_00409_00219-1,PC
s_008um_00420_00228-1,PC
s_008um_00472_00204-1,PC
s_008um_00476_00228-1,PC
s_008um_00450_00215-1,PC
s_008um_00449_00206-1,PC
s_008um_00475_00211-1,PC
s_008um_00450_00236-1,PC
s_008um_00444_00234-1,PC
s_008um_00462_00224-1,PC
s_008um_00442_00206-1,PC
s_008um_00417_00206-1,PC
s_008um_00459_00236-1,PC
s_008um_00450_00233-1,PC
s_008um_00480_00209-1,PC
s_008um_00475_00223-1,PC
s_008um_00448_00207-1,PC
s_008um_00421_00215-1,PC
s_008um_00413_00214-1,PC
s_008um_00463_00237-1,PC
s_008um_00471_00236-1,PC
s_008um_00449_00234-1,PC
s_008um_00436_00203-1,PC
s_008um_00483_00227-1,PC
s_008um_00414_00230-1,PC
s_008um_00412_00229-1,PC
s_008um_00467_00207-1,PC
s_008um_00430_00223-1,PC
s_008um_00450_00239-1,PC
s_008um_00428_00229-1,PC
s_008um_00466_00229-1,PC
s_008um_00441_00208-1,PC
s_008um_00447_00217-1,PC
s_008um_00473_00217-1,PC
s_008um_00458_00220-1,PC
s_008um_00448_00224-1,PC
s_008um_00475_00221-1,PC
s_008um_00453_00240-1,PC
s_008um_00442_00232-1,PC
s_008um_00463_00216-1,PC
s_008um_00426_00212-1,PC
s_008um_00415_00220-1,PC
s_008um_00442_00215-1,PC
s_008um_00475_00222-1,PC
s_008um_00480_00231-1,PC
s_008um_00460_00208-1,PC
s_008um_00458_00209-1,PC
s_008um_00473_00201-1,PC
s_008um_00434_00230-1,PC
s_008um_00455_00230-1,PC
s_008um_00482_00213-1,PC
s_008um_00436_00236-1,PC
s_008um_00459_00228-1,PC
s_008um_00449_00242-1,PC
s_008um_00420_00231-1,PC
s_008um_00446_00214-1,PC
s_008um_00453_00233-1,PC
s_008um_00461_00203-1,PC
s_008um_00473_00226-1,PC
s_008um_00412_00232-1,PC
s_008um_00431_00207-1,PC
s_008um_00456_00233-1,PC
s_008um_00472_00215-1,PC
s_008um_00479_00235-1,PC
s_008um_00430_00233-1,PC
s_008um_00421_00228-1,PC
s_008um_00431_00224-1,PC
s_008um_00461_00221-1,PC
s_008um_00446_00242-1,PC
s_008um_00464_00234-1,PC
s_008um_00419_00233-1,PC
s_008um_00454_00239-1,PC
s_008um_00463_00229-1,PC
s_008um_00432_00206-1,PC
s_008um_00444_00225-1,PC
s_008um_00461_00211-1,PC
s_008um_00426_00235-1,PC
s_008um_00436_00208-1,PC
s_008um_00475_00237-1,PC
s_008um_00438_00218-1,PC
s_008um_00467_00204-1,PC
s_008um_00480_00198-1,PC
s_008um_00468_00233-1,PC
s_008um_00479_00217-1,PC
s_008um_00431_00203-1,PC
s_008um_00472_00220-1,PC
s_008um_00431_00206-1,PC
s_008um_00476_00215-1,PC
s_008um_00413_00221-1,PC
s_008um_00424_00218-1,PC
s_008um_00418_00207-1,PC
s_008um_00455_00236-1,PC
s_008um_00422_00215-1,PC
s_008um_00459_00235-1,PC
s_008um_00413_00231-1,PC
s_008um_00467_00202-1,PC
s_008um_00413_00227-1,PC
s_008um_00465_00231-1,PC
s_008um_00410_00209-1,PC
s_008um_00440_00219-1,PC
s_008um_00433_00205-1,PC
s_008um_00422_00227-1,PC
s_008um_00463_00209-1,PC
s_008um_00481_00229-1,PC
s_008um_00434_00222-1,PC
s_008um_00455_00229-1,PC
s_008um_00465_00237-1,PC
s_008um_00428_00228-1,PC
s_008um_00413_00226-1,PC
s_008um_00458_00202-1,PC
s_008um_00474_00229-1,PC
s_008um_00458_00242-1,PC
s_008um_00460_00236-1,PC
s_008um_00420_00222-1,PC
s_008um_00441_00220-1,PC
s_008um_00444_00205-1,PC
s_008um_00436_00209-1,PC
s_008um_00469_00222-1,PC
s_008um_00428_00220-1,PC
s_008um_00450_00225-1,PC
s_008um_00476_00234-1,PC
s_008um_00435_00221-1,PC
s_008um_00452_00209-1,PC
s_008um_00478_00235-1,PC
s_008um_00420_00230-1,PC
s_008um_00416_00235-1,PC
s_008um_00457_00221-1,PC
s_008um_00474_00235-1,PC
s_008um_00461_00216-1,PC
s_008um_00448_00215-1,PC
s_008um_00471_00200-1,PC
s_008um_00429_00212-1,PC
s_008um_00445_00224-1,PC
s_008um_00425_00229-1,PC
s_008um_00461_00237-1,PC
s_008um_00423_00208-1,PC
s_008um_00461_00210-1,PC
s_008um_00439_00230-1,PC
s_008um_00466_00206-1,PC
s_008um_00454_00207-1,PC
s_008um_00441_00241-1,PC
s_008um_00431_00227-1,PC
s_008um_00440_00238-1,PC
s_008um_00424_00208-1,PC
s_008um_00453_00239-1,PC
s_008um_00423_00224-1,PC
s_008um_00421_00235-1,PC
s_008um_00446_00223-1,PC
s_008um_00438_00235-1,PC
s_008um_00446_00229-1,PC
s_008um_00475_00227-1,PC
s_008um_00457_00231-1,PC
s_008um_00475_00214-1,PC
s_008um_00419_00235-1,PC
s_008um_00448_00227-1,PC
s_008um_00435_00224-1,PC
s_008um_00413_00209-1,PC
s_008um_00465_00201-1,PC
s_008um_00435_00225-1,PC
s_008um_00419_00207-1,PC
s_008um_00459_00241-1,PC
s_008um_00449_00215-1,PC
s_008um_00406_00200-1,PC
s_008um_00418_00203-1,PC
s_008um_00423_00231-1,PC
s_008um_00462_00221-1,PC
s_008um_00427_00225-1,PC
s_008um_00429_00217-1,PC
s_008um_00416_00224-1,PC
s_008um_00440_00203-1,PC
s_008um_00449_00222-1,PC
s_008um_00451_00218-1,PC
s_008um_00419_00223-1,PC
s_008um_00466_00200-1,PC
s_008um_00421_00229-1,PC
s_008um_00439_00228-1,PC
s_008um_00482_00220-1,PC
s_008um_00451_00227-1,PC
s_008um_00427_00226-1,PC
s_008um_00445_00241-1,PC
s_008um_00460_00202-1,PC
s_008um_00481_00218-1,PC
s_008um_00469_00233-1,PC
s_008um_00461_00238-1,PC
s_008um_00480_00232-1,PC
s_008um_00468_00240-1,PC
s_008um_00478_00213-1,PC
s_008um_00420_00203-1,PC
s_008um_00465_00209-1,PC
s_008um_00466_00202-1,PC
s_008um_00438_00221-1,PC
s_008um_00470_00226-1,PC
s_008um_00447_00238-1,PC
s_008um_00469_00227-1,PC
s_008um_00451_00224-1,PC
s_008um_00464_00231-1,PC
s_008um_00480_00233-1,PC
s_008um_00436_00207-1,PC
s_008um_00477_00224-1,PC
s_008um_00422_00224-1,PC
s_008um_00416_00205-1,PC
s_008um_00446_00224-1,PC
s_008um_00418_00230-1,PC
s_008um_00407_00210-1,PC
s_008um_00450_00209-1,PC
s_008um_00448_00217-1,PC
s_008um_00470_00203-1,PC
s_008um_00435_00237-1,PC
s_008um_00443_00220-1,PC
s_008um_00481_00202-1,PC
s_008um_00475_00224-1,PC
s_008um_00448_00231-1,PC
s_008um_00437_00226-1,PC
s_008um_00424_00216-1,PC
s_008um_00416_00234-1,PC
s_008um_00434_00236-1,PC
s_008um_00449_00231-1,PC
s_008um_00466_00227-1,PC
s_008um_00422_00214-1,PC
s_008um_00461_00231-1,PC
s_008um_00479_00220-1,PC
s_008um_00451_00238-1,PC
s_008um_00409_00216-1,PC
s_008um_00473_00199-1,PC
s_008um_00450_00235-1,PC
s_008um_00438_00207-1,PC
s_008um_00420_00204-1,PC
s_008um_00428_00221-1,PC
s_008um_00462_00222-1,PC
s_008um_00438_00213-1,PC
s_008um_00426_00219-1,PC
s_008um_00440_00227-1,PC
s_008um_00450_00205-1,PC
s_008um_00437_00206-1,PC
s_008um_00427_00231-1,PC
s_008um_00421_00231-1,PC
s_008um_00416_00220-1,PC
s_008um_00414_00206-1,PC
s_008um_00407_00211-1,PC
s_008um_00438_00203-1,PC
s_008um_00468_00208-1,PC
s_008um_00433_00218-1,PC
s_008um_00453_00212-1,PC
s_008um_00430_00226-1,PC
s_008um_00419_00236-1,PC
s_008um_00425_00221-1,PC
s_008um_00420_00207-1,PC
s_008um_00477_00219-1,PC
s_008um_00426_00208-1,PC
s_008um_00482_00216-1,PC
s_008um_00427_00204-1,PC
s_008um_00446_00221-1,PC
s_008um_00409_00222-1,PC
s_008um_00451_00233-1,PC
s_008um_00412_00215-1,PC
s_008um_00441_00227-1,PC
s_008um_00459_00210-1,PC
s_008um_00473_00220-1,PC
s_008um_00482_00225-1,PC
s_008um_00415_00219-1,PC
s_008um_00454_00227-1,PC
s_008um_00427_00219-1,PC
s_008um_00416_00202-1,PC
s_008um_00467_00229-1,PC
s_008um_00411_00204-1,PC
s_008um_00427_00214-1,PC
s_008um_00436_00239-1,PC
s_008um_00450_00229-1,PC
s_008um_00453_00226-1,PC
s_008um_00428_00207-1,PC
s_008um_00449_00241-1,PC
s_008um_00446_00204-1,PC
s_008um_00470_00219-1,PC
s_008um_00444_00216-1,PC
s_008um_00468_00216-1,PC
s_008um_00420_00233-1,PC
s_008um_00462_00233-1,PC
s_008um_00481_00211-1,PC
s_008um_00479_00223-1,PC
s_008um_00481_00221-1,PC
s_008um_00448_00242-1,PC
s_008um_00420_00229-1,PC
s_008um_00428_00234-1,PC
s_008um_00476_00203-1,PC
s_008um_00421_00225-1,PC
s_008um_00468_00231-1,PC
s_008um_00410_00229-1,PC
s_008um_00436_00231-1,PC
s_008um_00432_00239-1,PC
s_008um_00468_00226-1,PC
s_008um_00421_00207-1,PC
s_008um_00448_00218-1,PC
s_008um_00466_00241-1,PC
s_008um_00424_00224-1,PC
s_008um_00484_00229-1,PC
s_008um_00463_00236-1,PC
s_008um_00468_00235-1,PC
s_008um_00449_00235-1,PC
s_008um_00457_00218-1,PC
s_008um_00414_00233-1,PC
s_008um_00406_00206-1,PC
s_008um_00461_00205-1,PC
s_008um_00457_00236-1,PC
s_008um_00414_00213-1,PC
s_008um_00435_00208-1,PC
s_008um_00478_00203-1,PC
s_008um_00451_00230-1,PC
s_008um_00469_00240-1,PC
s_008um_00473_00214-1,PC
s_008um_00472_00239-1,PC
s_008um_00430_00238-1,PC
s_008um_00411_00228-1,PC
s_008um_00440_00222-1,PC
s_008um_00452_00205-1,PC
s_008um_00428_00215-1,PC
s_008um_00441_00206-1,PC
s_008um_00416_00203-1,PC
s_008um_00459_00224-1,PC
s_008um_00431_00215-1,PC
s_008um_00479_00225-1,PC
s_008um_00408_00202-1,PC
s_008um_00420_00218-1,PC
s_008um_00436_00233-1,PC
s_008um_00436_00229-1,PC
s_008um_00439_00223-1,PC
s_008um_00441_00204-1,PC
s_008um_00425_00209-1,PC
s_008um_00475_00228-1,PC
s_008um_00463_00221-1,PC
s_008um_00436_00237-1,PC
s_008um_00437_00215-1,PC
s_008um_00477_00236-1,PC
s_008um_00442_00221-1,PC
s_008um_00468_00214-1,PC
s_008um_00434_00203-1,PC
s_008um_00469_00203-1,PC
s_008um_00427_00203-1,PC
s_008um_00434_00210-1,PC
s_008um_00435_00230-1,PC
s_008um_00410_00219-1,PC
s_008um_00472_00200-1,PC
s_008um_00466_00203-1,PC
s_008um_00461_00209-1,PC
s_008um_00444_00220-1,PC
s_008um_00454_00240-1,PC
s_008um_00484_00228-1,PC
s_008um_00480_00218-1,PC
s_008um_00467_00240-1,PC
s_008um_00479_00213-1,PC
s_008um_00452_00230-1,PC
s_008um_00448_00240-1,PC
s_008um_00431_00232-1,PC
s_008um_00473_00209-1,PC
s_008um_00477_00221-1,PC
s_008um_00446_00233-1,PC
s_008um_00415_00207-1,PC
s_008um_00429_00231-1,PC
s_008um_00479_00206-1,PC
s_008um_00439_00212-1,PC
s_008um_00477_00223-1,PC
s_008um_00430_00207-1,PC
s_008um_00415_00233-1,PC
s_008um_00433_00239-1,PC
s_008um_00442_00222-1,PC
s_008um_00457_00234-1,PC
s_008um_00480_00230-1,PC
s_008um_00433_00222-1,PC
s_008um_00435_00213-1,PC
s_008um_00448_00239-1,PC
s_008um_00469_00219-1,PC
s_008um_00430_00203-1,PC
s_008um_00480_00225-1,PC
s_008um_00438_00204-1,PC
s_008um_00436_00204-1,PC
s_008um_00473_00205-1,PC
s_008um_00461_00224-1,PC
s_008um_00444_00207-1,PC
s_008um_00477_00204-1,PC
s_008um_00473_00204-1,PC
s_008um_00421_00212-1,PC
s_008um_00477_00210-1,PC
s_008um_00483_00225-1,PC
s_008um_00431_00239-1,PC
s_008um_00463_00212-1,PC
s_008um_00436_00216-1,PC
s_008um_00473_00207-1,PC
s_008um_00436_00205-1,PC
s_008um_00423_00215-1,PC
s_008um_00445_00217-1,PC
s_008um_00409_00225-1,PC
s_008um_00481_00228-1,PC
s_008um_00460_00231-1,PC
s_008um_00423_00205-1,PC
s_008um_00465_00241-1,PC
s_008um_00423_00214-1,PC
s_008um_00427_00224-1,PC
s_008um_00456_00214-1,PC
s_008um_00441_00235-1,PC
s_008um_00443_00240-1,PC
s_008um_00472_00228-1,PC
s_008um_00457_00224-1,PC
s_008um_00473_00215-1,PC
s_008um_00409_00206-1,PC
s_008um_00433_00231-1,PC
s_008um_00438_00214-1,PC
s_008um_00457_00230-1,PC
s_008um_00437_00236-1,PC
s_008um_00467_00230-1,PC
s_008um_00411_00231-1,PC
s_008um_00480_00222-1,PC
s_008um_00427_00212-1,PC
s_008um_00447_00234-1,PC
s_008um_00462_00212-1,PC
s_008um_00453_00211-1,PC
s_008um_00478_00223-1,PC
s_008um_00464_00211-1,PC
s_008um_00426_00225-1,PC
s_008um_00466_00228-1,PC
s_008um_00478_00224-1,PC
s_008um_00414_00221-1,PC
s_008um_00455_00222-1,PC
s_008um_00482_00224-1,PC
s_008um_00455_00215-1,PC
s_008um_00433_00226-1,PC
s_008um_00451_00223-1,PC
s_008um_00437_00209-1,PC
s_008um_00451_00234-1,PC
s_008um_00461_00215-1,PC
s_008um_00447_00222-1,PC
s_008um_00433_00233-1,PC
s_008um_00424_00215-1,PC
s_008um_00454_00219-1,PC
s_008um_00441_00219-1,PC
s_008um_00451_00229-1,PC
s_008um_00414_00202-1,PC
s_008um_00442_00205-1,PC
s_008um_00476_00232-1,PC
s_008um_00449_00217-1,PC
s_008um_00466_00221-1,PC
s_008um_00476_00206-1,PC
s_008um_00450_00206-1,PC
s_008um_00462_00205-1,PC
s_008um_00461_00202-1,PC
s_008um_00474_00217-1,PC
s_008um_00459_00217-1,PC
s_008um_00447_00236-1,PC
s_008um_00475_00225-1,PC
s_008um_00425_00215-1,PC
s_008um_00476_00204-1,PC
s_008um_00446_00228-1,PC
s_008um_00472_00206-1,PC
s_008um_00470_00236-1,PC
s_008um_00439_00213-1,PC
s_008um_00450_00224-1,PC
s_008um_00470_00221-1,PC
s_008um_00464_00216-1,PC
s_008um_00428_00204-1,PC
s_008um_00469_00207-1,PC
s_008um_00425_00225-1,PC
s_008um_00410_00218-1,PC
s_008um_00480_00216-1,PC
s_008um_00463_00219-1,PC
s_008um_00428_00231-1,PC
s_008um_00463_00222-1,PC
s_008um_00413_00206-1,PC
s_008um_00478_00218-1,PC
s_008um_00466_00238-1,PC
s_008um_00410_00230-1,PC
s_008um_00469_00225-1,PC
s_008um_00472_00212-1,PC
s_008um_00465_00223-1,PC
s_008um_00453_00209-1,PC
s_008um_00420_00215-1,PC
s_008um_00463_00210-1,PC
s_008um_00461_00240-1,PC
s_008um_00428_00210-1,PC
s_008um_00463_00211-1,PC
s_008um_00477_00220-1,PC
s_008um_00446_00218-1,PC
s_008um_00466_00204-1,PC
s_008um_00427_00232-1,PC
s_008um_00445_00229-1,PC
s_008um_00460_00220-1,PC
s_008um_00408_00203-1,PC
s_008um_00460_00209-1,PC
s_008um_00452_00210-1,PC
s_008um_00424_00233-1,PC
s_008um_00454_00202-1,PC
s_008um_00421_00218-1,PC
s_008um_00415_00229-1,PC
s_008um_00424_00228-1,PC
s_008um_00482_00219-1,PC
s_008um_00476_00218-1,PC
s_008um_00478_00206-1,PC
s_008um_00418_00234-1,PC
s_008um_00439_00224-1,PC
s_008um_00471_00219-1,PC
s_008um_00428_00208-1,PC
s_008um_00413_00216-1,PC
s_008um_00421_00232-1,PC
s_008um_00458_00235-1,PC
s_008um_00421_00214-1,PC
s_008um_00432_00215-1,PC
s_008um_00440_00223-1,PC
s_008um_00449_00225-1,PC
s_008um_00442_00214-1,PC
s_008um_00429_00229-1,PC
s_008um_00447_00240-1,PC
s_008um_00459_00239-1,PC
s_008um_00437_00224-1,PC
s_008um_00471_00210-1,PC
s_008um_00456_00228-1,PC
s_008um_00444_00218-1,PC
s_008um_00470_00205-1,PC
s_008um_00439_00234-1,PC
s_008um_00448_00223-1,PC
s_008um_00468_00218-1,PC
s_008um_00447_00227-1,PC
s_008um_00439_00215-1,PC
s_008um_00481_00197-1,PC
s_008um_00478_00233-1,PC
s_008um_00452_00214-1,PC
s_008um_00432_00238-1,PC
s_008um_00458_00225-1,PC
s_008um_00423_00227-1,PC
s_008um_00415_00212-1,PC
s_008um_00474_00213-1,PC
s_008um_00442_00213-1,PC
s_008um_00441_00222-1,PC
s_008um_00419_00220-1,PC
s_008um_00433_00220-1,PC
s_008um_00430_00229-1,PC
s_008um_00456_00227-1,PC
s_008um_00452_00226-1,PC
s_008um_00452_00204-1,PC
s_008um_00469_00208-1,PC
s_008um_00438_00236-1,PC
s_008um_00459_00238-1,PC
s_008um_00415_00213-1,PC
s_008um_00463_00228-1,PC
s_008um_00406_00205-1,PC
s_008um_00445_00218-1,PC
s_008um_00447_00226-1,PC
s_008um_00419_00225-1,PC
s_008um_00464_00203-1,PC
s_008um_00470_00211-1,PC
s_008um_00468_00229-1,PC
s_008um_00462_00207-1,PC
s_008um_00479_00209-1,PC
s_008um_00411_00214-1,PC
s_008um_00442_00212-1,PC
s_008um_00474_00222-1,PC
s_008um_00464_00204-1,PC
s_008um_00458_00217-1,PC
s_008um_00457_00208-1,PC
s_008um_00421_00221-1,PC
s_008um_00469_00231-1,PC
s_008um_00405_00200-1,PC
s_008um_00417_00223-1,PC
s_008um_00452_00225-1,PC
s_008um_00474_00237-1,PC
s_008um_00417_00226-1,PC
s_008um_00448_00205-1,PC
s_008um_00420_00221-1,PC
s_008um_00447_00214-1,PC
s_008um_00458_00239-1,PC
s_008um_00434_00231-1,PC
s_008um_00469_00214-1,PC
s_008um_00481_00206-1,PC
s_008um_00404_00200-1,PC
s_008um_00449_00204-1,PC
s_008um_00448_00210-1,PC
s_008um_00417_00215-1,PC
s_008um_00464_00212-1,PC
s_008um_00415_00218-1,PC
s_008um_00430_00228-1,PC
s_008um_00422_00231-1,PC
s_008um_00431_00234-1,PC
s_008um_00449_00228-1,PC
s_008um_00448_00233-1,PC
s_008um_00456_00205-1,PC
s_008um_00478_00212-1,PC
s_008um_00451_00241-1,PC
s_008um_00477_00209-1,PC
s_008um_00479_00205-1,PC
s_008um_00415_00224-1,PC
s_008um_00471_00211-1,PC
s_008um_00455_00209-1,PC
s_008um_00437_00233-1,PC
s_008um_00410_00204-1,PC
s_008um_00418_00202-1,PC
s_008um_00410_00220-1,PC
s_008um_00431_00229-1,PC
s_008um_00470_00212-1,PC
s_008um_00416_00222-1,PC
s_008um_00424_00203-1,PC
s_008um_00435_00215-1,PC
s_008um_00434_00234-1,PC
s_008um_00423_00213-1,PC
s_008um_00483_00223-1,PC
s_008um_00472_00235-1,PC
s_008um_00461_00217-1,PC
s_008um_00438_00225-1,PC
s_008um_00420_00216-1,PC
s_008um_00435_00229-1,PC
s_008um_00424_00237-1,PC
s_008um_00463_00225-1,PC
s_008um_00431_00226-1,PC
s_008um_00452_00223-1,PC
s_008um_00467_00241-1,PC
s_008um_00422_00228-1,PC
s_008um_00452_00228-1,PC
s_008um_00423_00207-1,PC
s_008um_00459_00220-1,PC
s_008um_00408_00214-1,PC
s_008um_00435_00214-1,PC
s_008um_00443_00217-1,PC
s_008um_00443_00203-1,PC
s_008um_00415_00203-1,PC
s_008um_00460_00233-1,PC
s_008um_00452_00233-1,PC
s_008um_00413_00224-1,PC
s_008um_00422_00203-1,PC
s_008um_00411_00224-1,PC
s_008um_00416_00216-1,PC
s_008um_00466_00208-1,PC
s_008um_00442_00204-1,PC
s_008um_00481_00212-1,PC
s_008um_00469_00205-1,PC
s_008um_00462_00219-1,PC
s_008um_00431_00238-1,PC
s_008um_00425_00210-1,PC
s_008um_00434_00233-1,PC
s_008um_00460_00238-1,PC
s_008um_00422_00209-1,PC
s_008um_00404_00202-1,PC
s_008um_00430_00235-1,PC
s_008um_00439_00237-1,PC
s_008um_00442_00219-1,PC
s_008um_00428_00218-1,PC
s_008um_00411_00221-1,PC
s_008um_00435_00220-1,PC
s_008um_00455_00227-1,PC
s_008um_00460_00216-1,PC
s_008um_00446_00207-1,PC
s_008um_00414_00223-1,PC
s_008um_00481_00222-1,PC
s_008um_00471_00233-1,PC
s_008um_00445_00219-1,PC
s_008um_00465_00205-1,PC
s_008um_00438_00210-1,PC
s_008um_00450_00208-1,PC
s_008um_00409_00226-1,PC
s_008um_00445_00213-1,PC
s_008um_00419_00227-1,PC
s_008um_00434_00217-1,PC
s_008um_00424_00231-1,PC
s_008um_00456_00220-1,PC
s_008um_00464_00206-1,PC
s_008um_00477_00201-1,PC
s_008um_00440_00205-1,PC
s_008um_00427_00227-1,PC
s_008um_00431_00220-1,PC
s_008um_00443_00213-1,PC
s_008um_00456_00216-1,PC
s_008um_00469_00212-1,PC
s_008um_00470_00206-1,PC
s_008um_00464_00202-1,PC
s_008um_00434_00213-1,PC
s_008um_00440_00216-1,PC
s_008um_00443_00228-1,PC
s_008um_00428_00219-1,PC
s_008um_00452_00238-1,PC
s_008um_00414_00204-1,PC
s_008um_00424_00204-1,PC
s_008um_00430_00230-1,PC
s_008um_00445_00210-1,PC
s_008um_00408_00204-1,PC
s_008um_00450_00238-1,PC
s_008um_00463_00227-1,PC
s_008um_00476_00230-1,PC
s_008um_00420_00214-1,PC
s_008um_00413_00222-1,PC
s_008um_00451_00242-1,PC
s_008um_00455_00241-1,PC
s_008um_00424_00225-1,PC
s_008um_00433_00212-1,PC
s_008um_00409_00214-1,PC
s_008um_00442_00231-1,PC
s_008um_00454_00212-1,PC
s_008um_00463_00232-1,PC
s_008um_00440_00225-1,PC
s_008um_00420_00220-1,PC
s_008um_00450_00242-1,PC
s_008um_00423_00218-1,PC
s_008um_00459_00242-1,PC
s_008um_00430_00206-1,PC
s_008um_00465_00203-1,PC
s_008um_00436_00222-1,PC
s_008um_00431_00236-1,PC
s_008um_00433_00223-1,PC
s_008um_00408_00208-1,PC
s_008um_00437_00231-1,PC
s_008um_00456_00208-1,PC
s_008um_00473_00232-1,PC
s_008um_00452_00202-1,PC
s_008um_00464_00220-1,PC
s_008um_00479_00230-1,PC
s_008um_00458_00204-1,PC
s_008um_00416_00217-1,PC
s_008um_00481_00233-1,PC
s_008um_00468_00213-1,PC
s_008um_00429_00206-1,PC
s_008um_00422_00221-1,PC
s_008um_00455_00242-1,PC
s_008um_00427_00210-1,PC
s_008um_00440_00212-1,PC
s_008um_00436_00206-1,PC
s_008um_00418_00217-1,PC
s_008um_00461_00222-1,PC
s_008um_00444_00209-1,PC
s_008um_00455_00231-1,PC
s_008um_00439_00226-1,PC
s_008um_00455_00240-1,PC
s_008um_00473_00198-1,PC
s_008um_00460_00221-1,PC
s_008um_00444_00230-1,PC
s_008um_00465_00211-1,PC
s_008um_00407_00200-1,PC
s_008um_00435_00231-1,PC
s_008um_00432_00218-1,PC
s_008um_00464_00209-1,PC
s_008um_00436_00211-1,PC
s_008um_00480_00197-1,PC
s_008um_00453_00222-1,PC
s_008um_00454_00228-1,PC
s_008um_00469_00209-1,PC
s_008um_00417_00216-1,PC
s_008um_00429_00233-1,PC
s_008um_00466_00224-1,PC
s_008um_00451_00240-1,PC
s_008um_00433_00234-1,PC
s_008um_00476_00223-1,PC
s_008um_00462_00230-1,PC
s_008um_00412_00231-1,PC
s_008um_00429_00232-1,PC
s_008um_00466_00215-1,PC
s_008um_00436_00212-1,PC
s_008um_00461_00213-1,PC
s_008um_00465_00236-1,PC
s_008um_00459_00204-1,PC
s_008um_00481_00199-1,PC
s_008um_00456_00224-1,PC
s_008um_00426_00218-1,PC
s_008um_00431_00214-1,PC
s_008um_00419_00202-1,PC
s_008um_00433_00207-1,PC
s_008um_00435_00234-1,PC
s_008um_00475_00202-1,PC
s_008um_00462_00220-1,PC
s_008um_00443_00210-1,PC
s_008um_00455_00216-1,PC
s_008um_00479_00197-1,PC
s_008um_00433_00219-1,PC
s_008um_00435_00204-1,PC
s_008um_00451_00222-1,PC
s_008um_00441_00203-1,PC
s_008um_00444_00229-1,PC
s_008um_00425_00224-1,PC
s_008um_00439_00219-1,PC
s_008um_00432_00208-1,PC
s_008um_00443_00231-1,PC
s_008um_00463_00241-1,PC
s_008um_00449_00213-1,PC
s_008um_00422_00207-1,PC
s_008um_00452_00224-1,PC
s_008um_00443_00211-1,PC
s_008um_00470_00200-1,PC
s_008um_00417_00208-1,PC
s_008um_00406_00202-1,PC
s_008um_00432_00214-1,PC
s_008um_00436_00235-1,PC
s_008um_00440_00209-1,PC
s_008um_00418_00236-1,PC
s_008um_00446_00232-1,PC
s_008um_00405_00204-1,PC
s_008um_00480_00208-1,PC
s_008um_00448_00222-1,PC
s_008um_00453_00227-1,PC
s_008um_00459_00215-1,PC
s_008um_00430_00231-1,PC
s_008um_00450_00216-1,PC
s_008um_00442_00224-1,PC
s_008um_00478_00219-1,PC
s_008um_00474_00219-1,PC
s_008um_00478_00200-1,PC
s_008um_00412_00233-1,PC
s_008um_00470_00217-1,PC
s_008um_00427_00213-1,PC
s_008um_00480_00224-1,PC
s_008um_00467_00227-1,PC
s_008um_00460_00205-1,PC
s_008um_00415_00202-1,PC
s_008um_00421_00234-1,PC
s_008um_00469_00213-1,PC
s_008um_00437_00230-1,PC
s_008um_00454_00206-1,PC
s_008um_00418_00233-1,PC
s_008um_00448_00229-1,PC
s_008um_00471_00203-1,PC
s_008um_00417_00211-1,PC
s_008um_00451_00225-1,PC
s_008um_00459_00234-1,PC
s_008um_00440_00230-1,PC
s_008um_00420_00224-1,PC
s_008um_00478_00210-1,PC
s_008um_00480_00221-1,PC
s_008um_00411_00218-1,PC
s_008um_00433_00224-1,PC
s_008um_00466_00214-1,PC
s_008um_00472_00233-1,PC
s_008um_00427_00216-1,PC
s_008um_00460_00206-1,PC
s_008um_00423_00212-1,PC
s_008um_00472_00221-1,PC
s_008um_00442_00203-1,PC
s_008um_00438_00239-1,PC
s_008um_00429_00214-1,PC
s_008um_00452_00221-1,PC
s_008um_00428_00232-1,PC
s_008um_00416_00230-1,PC
s_008um_00455_00206-1,PC
s_008um_00465_00220-1,PC
s_008um_00443_00237-1,PC
s_008um_00470_00214-1,PC
s_008um_00440_00240-1,PC
s_008um_00479_00226-1,PC
s_008um_00446_00211-1,PC
s_008um_00410_00216-1,PC
s_008um_00447_00230-1,PC
s_008um_00475_00233-1,PC
s_008um_00479_00216-1,PC
s_008um_00434_00206-1,PC
s_008um_00461_00206-1,PC
s_008um_00477_00203-1,PC
s_008um_00480_00207-1,PC
s_008um_00452_00218-1,PC
s_008um_00414_00215-1,PC
s_008um_00454_00222-1,PC
s_008um_00430_00210-1,PC
s_008um_00457_00215-1,PC
s_008um_00432_00203-1,PC
s_008um_00448_00203-1,PC
s_008um_00465_00219-1,PC
s_008um_00479_00214-1,PC
s_008um_00457_00202-1,PC
s_008um_00424_00209-1,PC
s_008um_00416_00209-1,PC
s_008um_00446_00213-1,PC
s_008um_00441_00215-1,PC
s_008um_00468_00219-1,PC
s_008um_00457_00229-1,PC
s_008um_00474_00220-1,PC
s_008um_00447_00211-1,PC
s_008um_00455_00211-1,PC
s_008um_00446_00239-1,PC
s_008um_00464_00240-1,PC
s_008um_00477_00211-1,PC
s_008um_00480_00201-1,PC
s_008um_00431_00221-1,PC
s_008um_00467_00219-1,PC
s_008um_00431_00218-1,PC
s_008um_00415_00210-1,PC
s_008um_00440_00239-1,PC
s_008um_00446_00235-1,PC
s_008um_00455_00204-1,PC
s_008um_00473_00219-1,PC
s_008um_00443_00233-1,PC
s_008um_00418_00235-1,PC
s_008um_00417_00202-1,PC
s_008um_00445_00231-1,PC
s_008um_00428_00225-1,PC
s_008um_00429_00208-1,PC
s_008um_00450_00240-1,PC
s_008um_00474_00216-1,PC
s_008um_00445_00235-1,PC
s_008um_00418_00213-1,PC
s_008um_00416_00227-1,PC
s_008um_00479_00222-1,PC
s_008um_00420_00219-1,PC
s_008um_00477_00198-1,PC
s_008um_00416_00226-1,PC
s_008um_00438_00216-1,PC
s_008um_00423_00210-1,PC
s_008um_00473_00237-1,PC
s_008um_00419_00234-1,PC
s_008um_00465_00218-1,PC
s_008um_00441_00213-1,PC
s_008um_00481_00226-1,PC
s_008um_00411_00207-1,PC
s_008um_00426_00236-1,PC
s_008um_00428_00217-1,PC
s_008um_00417_00212-1,PC
s_008um_00444_00221-1,PC
s_008um_00443_00208-1,PC
s_008um_00467_00231-1,PC
s_008um_00468_00223-1,PC
s_008um_00409_00208-1,PC
s_008um_00441_00240-1,PC
s_008um_00442_00241-1,PC
s_008um_00470_00209-1,PC
s_008um_00465_00233-1,PC
s_008um_00437_00222-1,PC
s_008um_00438_00230-1,PC
s_008um_00473_00238-1,PC
s_008um_00480_00219-1,PC
s_008um_00467_00234-1,PC
s_008um_00457_00225-1,PC
s_008um_00471_00226-1,PC
s_008um_00431_00219-1,PC
s_008um_00470_00220-1,PC
s_008um_00415_00223-1,PC
s_008um_00437_00229-1,PC
s_008um_00429_00224-1,PC
s_008um_00463_00234-1,PC
s_008um_00452_00208-1,PC
s_008um_00429_00218-1,PC
s_008um_00423_00226-1,PC
s_008um_00435_00212-1,PC
s_008um_00451_00206-1,PC
s_008um_00470_00207-1,PC
s_008um_00465_00228-1,PC
s_008um_00419_00215-1,PC
s_008um_00454_00203-1,PC
s_008um_00433_00214-1,PC
s_008um_00473_00230-1,PC
s_008um_00416_00204-1,PC
s_008um_00455_00237-1,PC
s_008um_00481_00201-1,PC
s_008um_00443_00205-1,PC
s_008um_00411_00201-1,PC
s_008um_00430_00220-1,PC
s_008um_00463_00203-1,PC
s_008um_00429_00225-1,PC
s_008um_00425_00226-1,PC
s_008um_00444_00215-1,PC
s_008um_00454_00233-1,PC
s_008um_00447_00221-1,PC
s_008um_00432_00210-1,PC
s_008um_00479_00228-1,PC
s_008um_00446_00203-1,PC
s_008um_00451_00235-1,PC
s_008um_00470_00237-1,PC
s_008um_00423_00220-1,PC
s_008um_00412_00221-1,PC
s_008um_00408_00218-1,PC
s_008um_00439_00240-1,PC
s_008um_00413_00234-1,PC
s_008um_00463_00239-1,PC
s_008um_00479_00212-1,PC
s_008um_00445_00208-1,PC
s_008um_00452_00220-1,PC
s_008um_00449_00224-1,PC
s_008um_00445_00232-1,PC
s_008um_00419_00204-1,PC
s_008um_00434_00227-1,PC
s_008um_00457_00222-1,PC
s_008um_00476_00213-1,PC
s_008um_00423_00236-1,PC
s_008um_00414_00218-1,PC
s_008um_00450_00218-1,PC
s_008um_00474_00218-1,PC
s_008um_00434_00219-1,PC
s_008um_00433_00235-1,PC
s_008um_00459_00229-1,PC
s_008um_00440_00229-1,PC
s_008um_00423_00225-1,PC
s_008um_00454_00209-1,PC
s_008um_00458_00206-1,PC
s_008um_00460_00227-1,PC
s_008um_00441_00217-1,PC
s_008um_00441_00205-1,PC
s_008um_00462_00217-1,PC
s_008um_00472_00201-1,PC
s_008um_00450_00219-1,PC
s_008um_00411_00211-1,PC
s_008um_00481_00205-1,PC
s_008um_00445_00203-1,PC
s_008um_00472_00216-1,PC
s_008um_00426_00237-1,PC
s_008um_00477_00213-1,PC
s_008um_00440_00232-1,PC
s_008um_00474_00215-1,PC
s_008um_00429_00213-1,PC
s_008um_00408_00207-1,PC
s_008um_00453_00219-1,PC
s_008um_00471_00199-1,PC
s_008um_00428_00223-1,PC
s_008um_00463_00224-1,PC
s_008um_00433_00206-1,PC
s_008um_00453_00224-1,PC
s_008um_00473_00228-1,PC
s_008um_00421_00210-1,PC
s_008um_00455_00220-1,PC
s_008um_00461_00207-1,PC
s_008um_00411_00223-1,PC
s_008um_00467_00236-1,PC
s_008um_00432_00221-1,PC
s_008um_00469_00234-1,PC
s_008um_00455_00225-1,PC
s_008um_00433_00203-1,PC
s_008um_00480_00223-1,PC
s_008um_00456_00240-1,PC
s_008um_00467_00223-1,PC
s_008um_00418_00228-1,PC
s_008um_00409_00224-1,PC
s_008um_00462_00229-1,PC
s_008um_00416_00221-1,PC
s_008um_00457_00216-1,PC
s_008um_00407_00208-1,PC
s_008um_00445_00230-1,PC
s_008um_00408_00206-1,PC
s_008um_00478_00227-1,PC
s_008um_00416_00223-1,PC
s_008um_00409_00217-1,PC
s_008um_00460_00203-1,PC
s_008um_00426_00228-1,PC
s_008um_00440_00210-1,PC
s_008um_00479_00207-1,PC
s_008um_00447_00237-1,PC
s_008um_00444_00208-1,PC
s_008um_00473_00211-1,PC
s_008um_00413_00229-1,PC
s_008um_00479_00199-1,PC
s_008um_00410_00208-1,PC
s_008um_00454_00205-1,PC
s_008um_00445_00211-1,PC
s_008um_00423_00222-1,PC
s_008um_00421_00213-1,PC
s_008um_00468_00217-1,PC
s_008um_00467_00215-1,PC
s_008um_00434_00218-1,PC
s_008um_00440_00236-1,PC
s_008um_00420_00210-1,PC
s_008um_00467_00225-1,PC
s_008um_00471_00215-1,PC
s_008um_00418_00220-1,PC
s_008um_00474_00200-1,PC
s_008um_00482_00223-1,PC
s_008um_00433_00211-1,PC
s_008um_00412_00212-1,PC
s_008um_00452_00236-1,PC
s_008um_00477_00205-1,PC
s_008um_00468_00234-1,PC
s_008um_00475_00216-1,PC
s_008um_00466_00201-1,PC
s_008um_00424_00229-1,PC
s_008um_00460_00219-1,PC
s_008um_00464_00232-1,PC
s_008um_00457_00205-1,PC
s_008um_00426_00209-1,PC
s_008um_00466_00207-1,PC
s_008um_00431_00216-1,PC
s_008um_00439_00203-1,PC
s_008um_00474_00226-1,PC
s_008um_00421_00222-1,PC
s_008um_00469_00229-1,PC
s_008um_00461_00233-1,PC
s_008um_00436_00225-1,PC
s_008um_00468_00206-1,PC
s_008um_00440_00237-1,PC
s_008um_00465_00230-1,PC
s_008um_00442_00238-1,PC
s_008um_00428_00203-1,PC
s_008um_00441_00218-1,PC
s_008um_00474_00202-1,PC
s_008um_00485_00227-1,PC
s_008um_00425_00212-1,PC
s_008um_00439_00231-1,PC
s_008um_00455_00232-1,PC
s_008um_00457_00210-1,PC
s_008um_00421_00219-1,PC
s_008um_00459_00222-1,PC
s_008um_00467_00235-1,PC
s_008um_00455_00207-1,PC
s_008um_00466_00239-1,PC
s_008um_00421_00203-1,PC
s_008um_00459_00216-1,PC
s_008um_00453_00217-1,PC
s_008um_00427_00229-1,PC
s_008um_00432_00213-1,PC
s_008um_00472_00230-1,PC
s_008um_00469_00204-1,PC
s_008um_00434_00238-1,PC
s_008um_00457_00219-1,PC
s_008um_00452_00234-1,PC
s_008um_00411_00222-1,PC
s_008um_00457_00239-1,PC
s_008um_00470_00240-1,PC
s_008um_00457_00213-1,PC
s_008um_00455_00208-1,PC
s_008um_00410_00211-1,PC
s_008um_00420_00211-1,PC
s_008um_00450_00210-1,PC
s_008um_00458_00213-1,PC
s_008um_00413_00233-1,PC
s_008um_00422_00222-1,PC
s_008um_00457_00204-1,PC
s_008um_00427_00228-1,PC
s_008um_00466_00212-1,PC
s_008um_00471_00212-1,PC
s_008um_00448_00204-1,PC
s_008um_00456_00210-1,PC
s_008um_00443_00221-1,PC
s_008um_00473_00212-1,PC
s_008um_00478_00220-1,PC
s_008um_00441_00228-1,PC
s_008um_00461_00228-1,PC
s_008um_00419_00224-1,PC
s_008um_00457_00212-1,PC
s_008um_00460_00222-1,PC
s_008um_00437_00223-1,PC
s_008um_00412_00219-1,PC
s_008um_00483_00224-1,PC
s_008um_00479_00234-1,PC
s_008um_00413_00208-1,PC
s_008um_00418_00216-1,PC
s_008um_00475_00235-1,PC
s_008um_00464_00219-1,PC
s_008um_00459_00205-1,PC
s_008um_00420_00234-1,PC
s_008um_00478_00199-1,PC
s_008um_00416_00232-1,PC
s_008um_00456_00217-1,PC
s_008um_00472_00231-1,PC
s_008um_00457_00227-1,PC
s_008um_00439_00221-1,PC
s_008um_00480_00212-1,PC
s_008um_00416_00214-1,PC
s_008um_00410_00223-1,PC
s_008um_00424_00205-1,PC
s_008um_00426_00222-1,PC
s_008um_00422_00208-1,PC
s_008um_00452_00242-1,PC
s_008um_00469_00226-1,PC
s_008um_00434_00223-1,PC
s_008um_00406_00207-1,PC
s_008um_00464_00227-1,PC
s_008um_00452_00217-1,PC
s_008um_00444_00211-1,PC
s_008um_00447_00239-1,PC
s_008um_00419_00212-1,PC
s_008um_00474_00238-1,PC
s_008um_00410_00227-1,PC
s_008um_00414_00235-1,PC
s_008um_00475_00232-1,PC
s_008um_00468_00207-1,PC
s_008um_00416_00215-1,PC
s_008um_00472_00210-1,PC
s_008um_00451_00232-1,PC
s_008um_00472_00222-1,PC
s_008um_00446_00236-1,PC
s_008um_00449_00207-1,PC
s_008um_00466_00222-1,PC
s_008um_00446_00222-1,PC
s_008um_00471_00229-1,PC
s_008um_00438_00212-1,PC
s_008um_00412_00211-1,PC
s_008um_00481_00195-1,PC
s_008um_00415_00211-1,PC
s_008um_00445_00204-1,PC
s_008um_00439_00208-1,PC
s_008um_00417_00218-1,PC
s_008um_00416_00207-1,PC
s_008um_00453_00207-1,PC
s_008um_00476_00200-1,PC
s_008um_00467_00205-1,PC
s_008um_00412_00204-1,PC
s_008um_00462_00234-1,PC
s_008um_00417_00235-1,PC
s_008um_00411_00209-1,PC
s_008um_00420_00212-1,PC
s_008um_00444_00233-1,PC
s_008um_00442_00223-1,PC
s_008um_00438_00237-1,PC
s_008um_00464_00214-1,PC
s_008um_00425_00220-1,PC
s_008um_00480_00213-1,PC
s_008um_00423_00204-1,PC
s_008um_00420_00208-1,PC
s_008um_00434_00239-1,PC
s_008um_00427_00234-1,PC
s_008um_00465_00229-1,PC
s_008um_00427_00222-1,PC
s_008um_00418_00208-1,PC
s_008um_00480_00210-1,PC
s_008um_00442_00240-1,PC
s_008um_00442_00220-1,PC
s_008um_00469_00236-1,PC
s_008um_00458_00215-1,PC
s_008um_00415_00206-1,PC
s_008um_00472_00225-1,PC
s_008um_00477_00216-1,PC
s_008um_00462_00202-1,PC
s_008um_00419_00229-1,PC
s_008um_00423_00219-1,PC
s_008um_00438_00234-1,PC
s_008um_00426_00233-1,PC
s_008um_00425_00234-1,PC
s_008um_00448_00221-1,PC
s_008um_00419_00210-1,PC
s_008um_00448_00226-1,PC
s_008um_00465_00221-1,PC
s_008um_00443_00224-1,PC
s_008um_00412_00216-1,PC
s_008um_00464_00222-1,PC
s_008um_00431_00235-1,PC
s_008um_00463_00215-1,PC
s_008um_00453_00242-1,PC
s_008um_00433_00236-1,PC
s_008um_00425_00204-1,PC
s_008um_00446_00219-1,PC
s_008um_00460_00234-1,PC
s_008um_00469_00216-1,PC
s_008um_00453_00208-1,PC
s_008um_00443_00216-1,PC
s_008um_00466_00220-1,PC
s_008um_00463_00208-1,PC
s_008um_00473_00224-1,PC
s_008um_00479_00198-1,PC
s_008um_00414_00209-1,PC
s_008um_00463_00233-1,PC
s_008um_00435_00227-1,PC
s_008um_00443_00226-1,PC
s_008um_00410_00210-1,PC
s_008um_00472_00199-1,PC
s_008um_00450_00230-1,PC
s_008um_00410_00228-1,PC
s_008um_00445_00225-1,PC
s_008um_00426_00210-1,PC
s_008um_00438_00220-1,PC
s_008um_00441_00232-1,PC
s_008um_00419_00216-1,PC
s_008um_00437_00228-1,PC
s_008um_00428_00224-1,PC
s_008um_00441_00225-1,PC
s_008um_00475_00212-1,PC
s_008um_00444_00240-1,PC
s_008um_00426_00230-1,PC
s_008um_00470_00239-1,PC
s_008um_00481_00232-1,PC
s_008um_00460_00240-1,PC
s_008um_00441_00229-1,PC
s_008um_00464_00238-1,PC
s_008um_00439_00239-1,PC
s_008um_00437_00232-1,PC
s_008um_00470_00233-1,PC
s_008um_00429_00223-1,PC
s_008um_00479_00224-1,PC
s_008um_00434_00215-1,PC
s_008um_00458_00223-1,PC
s_008um_00481_00230-1,PC
s_008um_00438_00222-1,PC
s_008um_00444_00232-1,PC
s_008um_00446_00217-1,PC
s_008um_00475_00205-1,PC
s_008um_00419_00232-1,PC
s_008um_00410_00226-1,PC
s_008um_00445_00222-1,PC
s_008um_00441_00237-1,PC
s_008um_00428_00238-1,PC
s_008um_00448_00238-1,PC
s_008um_00440_00221-1,PC
s_008um_00480_00200-1,PC
s_008um_00455_00223-1,PC
s_008um_00440_00224-1,PC
s_008um_00429_00222-1,PC
s_008um_00426_00227-1,PC
s_008um_00442_00230-1,PC
s_008um_00444_00235-1,PC
s_008um_00410_00225-1,PC
s_008um_00471_00223-1,PC
s_008um_00467_00212-1,PC
s_008um_00449_00230-1,PC
s_008um_00443_00230-1,PC
s_008um_00441_00226-1,PC
s_008um_00452_00207-1,PC
s_008um_00454_00216-1,PC
s_008um_00430_00227-1,PC
s_008um_00443_00222-1,PC
s_008um_00407_00203-1,PC
s_008um_00447_00209-1,PC
s_008um_00469_00237-1,PC
s_008um_00474_00221-1,PC
s_008um_00439_00227-1,PC
s_008um_00460_00242-1,PC
s_008um_00458_00237-1,PC
s_008um_00410_00213-1,PC
s_008um_00412_00230-1,PC
s_008um_00470_00227-1,PC
s_008um_00474_00225-1,PC
s_008um_00467_00206-1,PC
s_008um_00411_00205-1,PC
s_008um_00475_00231-1,PC
s_008um_00457_00217-1,PC
s_008um_00457_00223-1,PC
s_008um_00438_00240-1,PC
s_008um_00475_00229-1,PC
s_008um_00446_00241-1,PC
s_008um_00449_00221-1,PC
s_008um_00409_00201-1,PC
s_008um_00421_00233-1,PC
s_008um_00458_00230-1,PC
s_008um_00456_00202-1,PC
s_008um_00418_00219-1,PC
s_008um_00482_00214-1,PC
s_008um_00470_00234-1,PC
s_008um_00480_00226-1,PC
s_008um_00433_00208-1,PC
s_008um_00464_00213-1,PC
s_008um_00440_00226-1,PC
s_008um_00456_00242-1,PC
s_008um_00423_00229-1,PC
s_008um_00437_00208-1,PC
s_008um_00479_00231-1,PC
s_008um_00475_00209-1,PC
s_008um_00426_00221-1,PC
s_008um_00452_00215-1,PC
s_008um_00447_00210-1,PC
s_008um_00468_00199-1,PC
s_008um_00481_00200-1,PC
s_008um_00425_00231-1,PC
s_008um_00419_00230-1,PC
s_008um_00411_00232-1,PC
s_008um_00465_00202-1,PC
s_008um_00451_00228-1,PC
s_008um_00444_00238-1,PC
s_008um_00479_00233-1,PC
s_008um_00425_00233-1,PC
s_008um_00458_00216-1,PC
s_008um_00449_00209-1,PC
s_008um_00468_00201-1,PC
s_008um_00425_00236-1,PC
s_008um_00425_00217-1,PC
s_008um_00480_00204-1,PC
s_008um_00435_00222-1,PC
s_008um_00454_00225-1,PC
s_008um_00478_00211-1,PC
s_008um_00440_00215-1,PC
s_008um_00477_00235-1,PC
s_008um_00424_00222-1,PC
s_008um_00437_00240-1,PC
s_008um_00453_00234-1,PC
s_008um_00449_00223-1,PC
s_008um_00420_00217-1,PC
s_008um_00457_00203-1,PC
s_008um_00424_00212-1,PC
s_008um_00455_00202-1,PC
s_008um_00464_00207-1,PC
s_008um_00444_00231-1,PC
s_008um_00428_00209-1,PC
s_008um_00471_00239-1,PC
s_008um_00449_00208-1,PC
s_008um_00408_00210-1,PC
s_008um_00429_00220-1,PC
s_008um_00460_00230-1,PC
s_008um_00462_00223-1,PC
s_008um_00467_00238-1,PC
s_008um_00438_00227-1,PC
s_008um_00423_00235-1,PC
s_008um_00472_00214-1,PC
s_008um_00460_00211-1,PC
s_008um_00460_00214-1,PC
s_008um_00419_00231-1,PC
s_008um_00453_00204-1,PC
s_008um_00457_00206-1,PC
s_008um_00473_00223-1,PC
s_008um_00432_00216-1,PC
s_008um_00408_00201-1,PC
s_008um_00456_00207-1,PC
s_008um_00423_00211-1,PC
s_008um_00458_00212-1,PC
s_008um_00458_00214-1,PC
s_008um_00464_00226-1,PC
s_008um_00406_00204-1,PC
s_008um_00472_00213-1,PC
s_008um_00462_00242-1,PC
s_008um_00460_00229-1,PC
s_008um_00411_00203-1,PC
s_008um_00471_00222-1,PC
s_008um_00435_00217-1,PC
s_008um_00452_00240-1,PC
s_008um_00432_00234-1,PC
s_008um_00460_00217-1,PC
s_008um_00450_00212-1,PC
s_008um_00436_00223-1,PC
s_008um_00482_00226-1,PC
s_008um_00451_00217-1,PC
s_008um_00466_00225-1,PC
s_008um_00425_00235-1,PC
s_008um_00409_00203-1,PC
s_008um_00436_00218-1,PC
s_008um_00421_00230-1,PC
s_008um_00450_00222-1,PC
s_008um_00435_00219-1,PC
s_008um_00465_00207-1,PC
s_008um_00454_00226-1,PC
s_008um_00474_00231-1,PC
s_008um_00451_00231-1,PC
s_008um_00407_00201-1,PC
s_008um_00484_00226-1,PC
s_008um_00422_00213-1,PC
s_008um_00461_00220-1,PC
s_008um_00451_00202-1,PC
s_008um_00449_00205-1,PC
s_008um_00469_00224-1,PC
s_008um_00479_00200-1,PC
s_008um_00454_00221-1,PC
s_008um_00414_00220-1,PC
s_008um_00459_00225-1,PC
s_008um_00473_00231-1,PC
s_008um_00417_00205-1,PC
s_008um_00437_00214-1,PC
s_008um_00471_00218-1,PC
s_008um_00414_00214-1,PC
s_008um_00434_00214-1,PC
s_008um_00424_00213-1,PC
s_008um_00476_00220-1,PC
s_008um_00484_00227-1,PC
s_008um_00469_00211-1,PC
s_008um_00421_00217-1,PC
s_008um_00441_00239-1,PC
s_008um_00460_00210-1,PC
s_008um_00460_00223-1,PC
s_008um_00447_00205-1,PC
s_008um_00458_00233-1,PC
s_008um_00481_00203-1,PC
s_008um_00418_00218-1,PC
s_008um_00456_00203-1,PC
s_008um_00417_00204-1,PC
s_008um_00434_00232-1,PC
s_008um_00411_00210-1,PC
s_008um_00417_00229-1,PC
s_008um_00449_00237-1,PC
s_008um_00471_00238-1,PC
s_008um_00422_00235-1,PC
s_008um_00410_00212-1,PC
s_008um_00449_00232-1,PC
s_008um_00465_00227-1,PC
s_008um_00476_00201-1,PC
s_008um_00446_00225-1,PC
s_008um_00428_00236-1,PC
s_008um_00454_00231-1,PC
s_008um_00466_00213-1,PC
s_008um_00464_00233-1,PC
s_008um_00454_00223-1,PC
s_008um_00473_00202-1,PC
s_008um_00431_00237-1,PC
s_008um_00424_00230-1,PC
s_008um_00480_00228-1,PC
s_008um_00461_00239-1,PC
s_008um_00477_00237-1,PC
s_008um_00480_00199-1,PC
s_008um_00477_00234-1,PC
s_008um_00432_00219-1,PC
s_008um_00410_00231-1,PC
s_008um_00423_00233-1,PC
s_008um_00441_00214-1,PC
s_008um_00436_00215-1,PC
s_008um_00423_00209-1,PC
s_008um_00433_00216-1,PC
s_008um_00447_00225-1,PC
s_008um_00419_00203-1,PC
s_008um_00445_00216-1,PC
s_008um_00448_00206-1,PC
s_008um_00469_00218-1,PC
s_008um_00476_00199-1,PC
s_008um_00408_00209-1,PC
s_008um_00445_00221-1,PC
s_008um_00465_00238-1,PC
s_008um_00409_00220-1,PC
s_008um_00477_00231-1,PC
s_008um_00431_00212-1,PC
s_008um_00417_00233-1,PC
s_008um_00453_00231-1,PC
s_008um_00417_00222-1,PC
s_008um_00447_00202-1,PC
s_008um_00441_00221-1,PC
s_008um_00478_00197-1,PC
s_008um_00447_00218-1,PC
s_008um_00410_00222-1,PC
s_008um_00442_00239-1,PC
s_008um_00459_00213-1,PC
s_008um_00456_00209-1,PC
s_008um_00445_00226-1,PC
s_008um_00445_00207-1,PC
s_008um_00451_00219-1,PC
s_008um_00412_00205-1,PC
s_008um_00429_00227-1,PC
s_008um_00441_00234-1,PC
s_008um_00453_00206-1,PC
s_008um_00468_00211-1,PC
s_008um_00469_00217-1,PC
s_008um_00457_00240-1,PC
s_008um_00463_00240-1,PC
s_008um_00478_00222-1,PC
s_008um_00452_00212-1,PC
s_008um_00445_00215-1,PC
s_008um_00412_00214-1,PC
s_008um_00441_00231-1,PC
s_008um_00458_00229-1,PC
s_008um_00442_00236-1,PC
s_008um_00413_00228-1,PC
s_008um_00420_00226-1,PC
s_008um_00468_00224-1,PC
s_008um_00460_00215-1,PC
s_008um_00428_00205-1,PC
s_008um_00424_00207-1,PC
s_008um_00410_00214-1,PC
s_008um_00466_00233-1,PC
s_008um_00473_00213-1,PC
s_008um_00435_00233-1,PC
s_008um_00407_00209-1,PC
s_008um_00441_00230-1,PC
s_008um_00422_00232-1,PC
s_008um_00482_00228-1,PC
s_008um_00483_00231-1,PC
s_008um_00435_00223-1,PC
s_008um_00421_00206-1,PC
s_008um_00432_00235-1,PC
s_008um_00471_00225-1,PC
s_008um_00468_00204-1,PC
s_008um_00447_00242-1,PC
s_008um_00471_00230-1,PC
s_008um_00440_00211-1,PC
s_008um_00429_00209-1,PC
s_008um_00462_00237-1,PC
s_008um_00459_00227-1,PC
s_008um_00437_00212-1,PC
s_008um_00425_00216-1,PC
s_008um_00457_00207-1,PC
s_008um_00466_00234-1,PC
s_008um_00414_00212-1,PC
s_008um_00432_00209-1,PC
s_008um_00429_00203-1,PC
s_008um_00482_00217-1,PC
s_008um_00413_00213-1,PC
s_008um_00462_00216-1,PC
s_008um_00464_00229-1,PC
s_008um_00420_00223-1,PC
s_008um_00474_00208-1,PC
s_008um_00481_00207-1,PC
s_008um_00447_00203-1,PC
s_008um_00458_00203-1,PC
s_008um_00434_00204-1,PC
s_008um_00435_00216-1,PC
s_008um_00449_00218-1,PC
s_008um_00443_00234-1,PC
s_008um_00467_00216-1,PC
s_008um_00456_00229-1,PC
s_008um_00476_00229-1,PC
s_008um_00414_00229-1,PC
s_008um_00439_00232-1,PC
s_008um_00455_00214-1,PC
s_008um_00433_00215-1,PC
s_008um_00433_00209-1,PC
s_008um_00473_00234-1,PC
s_008um_00447_00235-1,PC
s_008um_00412_00213-1,PC
s_008um_00447_00232-1,PC
s_008um_00420_00209-1,PC
s_008um_00451_00203-1,PC
s_008um_00452_00232-1,PC
s_008um_00439_00235-1,PC
s_008um_00430_00213-1,PC
s_008um_00433_00228-1,PC
s_008um_00479_00215-1,PC
s_008um_00461_00214-1,PC
s_008um_00469_00200-1,PC
s_008um_00480_00196-1,PC
s_008um_00462_00235-1,PC
s_008um_00429_00221-1,PC
s_008um_00406_00203-1,PC
s_008um_00465_00212-1,PC
s_008um_00478_00214-1,PC
s_008um_00416_00211-1,PC
s_008um_00453_00235-1,PC
s_008um_00448_00236-1,PC
s_008um_00454_00242-1,PC
s_008um_00410_00217-1,PC
s_008um_00414_00234-1,PC
s_008um_00474_00228-1,PC
s_008um_00468_00232-1,PC
s_008um_00473_00225-1,PC
s_008um_00463_00223-1,PC
s_008um_00440_00231-1,PC
s_008um_00462_00211-1,PC
s_008um_00453_00232-1,PC
s_008um_00446_00220-1,PC
s_008um_00425_00227-1,PC
s_008um_00438_00224-1,PC
s_008um_00451_00216-1,PC
s_008um_00480_00214-1,PC
s_008um_00415_00204-1,PC
s_008um_00426_00216-1,PC
s_008um_00430_00236-1,PC
s_008um_00444_00210-1,PC
s_008um_00425_00230-1,PC
s_008um_00455_00213-1,PC
s_008um_00438_00211-1,PC
s_008um_00477_00199-1,PC
s_008um_00453_00218-1,PC
s_008um_00418_00211-1,PC
s_008um_00448_00225-1,PC
s_008um_00481_00196-1,PC
s_008um_00419_00211-1,PC
s_008um_00439_00216-1,PC
s_008um_00452_00229-1,PC
s_008um_00453_00238-1,PC
s_008um_00426_00238-1,PC
s_008um_00459_00240-1,PC
s_008um_00409_00209-1,PC
s_008um_00465_00234-1,PC
s_008um_00438_00226-1,PC
s_008um_00440_00234-1,PC
s_008um_00451_00210-1,PC
s_008um_00457_00220-1,PC
s_008um_00476_00219-1,PC
s_008um_00479_00211-1,PC
s_008um_00422_00236-1,PC
s_008um_00443_00209-1,PC
s_008um_00411_00220-1,PC
s_008um_00424_00217-1,PC
s_008um_00430_00205-1,PC
s_008um_00426_00214-1,PC
s_008um_00448_00232-1,PC
s_008um_00448_00235-1,PC
s_008um_00448_00230-1,PC
s_008um_00415_00217-1,PC
s_008um_00415_00221-1,PC
s_008um_00448_00213-1,PC
s_008um_00423_00230-1,PC
s_008um_00469_00210-1,PC
s_008um_00431_00228-1,PC
s_008um_00437_00219-1,PC
s_008um_00460_00212-1,PC
s_008um_00455_00235-1,PC
s_008um_00410_00221-1,PC
s_008um_00464_00217-1,PC
s_008um_00457_00238-1,PC
s_008um_00452_00222-1,PC
s_008um_00470_00229-1,PC
s_008um_00438_00232-1,PC
s_008um_00411_00219-1,PC
s_008um_00409_00212-1,PC
s_008um_00424_00219-1,PC
s_008um_00411_00233-1,PC
s_008um_00428_00233-1,PC
s_008um_00472_00211-1,PC
s_008um_00420_00227-1,PC
s_008um_00427_00211-1,PC
s_008um_00418_00215-1,PC
s_008um_00418_00223-1,PC
s_008um_00430_00215-1,PC
s_008um_00461_00241-1,PC
s_008um_00417_00217-1,PC
s_008um_00434_00208-1,PC
s_008um_00465_00213-1,PC
s_008um_00467_00228-1,PC
s_008um_00436_00213-1,PC
s_008um_00478_00216-1,PC
s_008um_00468_00202-1,PC
s_008um_00476_00225-1,PC
s_008um_00470_00232-1,PC
s_008um_00432_00231-1,PC
s_008um_00446_00237-1,PC
s_008um_00451_00213-1,PC
s_008um_00461_00218-1,PC
s_008um_00478_00234-1,PC
s_008um_00462_00225-1,PC
s_008um_00414_00207-1,PC
s_008um_00428_00230-1,PC
s_008um_00443_00236-1,PC
s_008um_00470_00228-1,PC
s_008um_00419_00222-1,PC
s_008um_00480_00203-1,PC
s_008um_00475_00198-1,PC
s_008um_00416_00231-1,PC
s_008um_00466_00218-1,PC
s_008um_00472_00237-1,PC
s_008um_00464_00235-1,PC
s_008um_00418_00231-1,PC
s_008um_00429_00215-1,PC
s_008um_00432_00212-1,PC
s_008um_00445_00239-1,PC
s_008um_00462_00218-1,PC
s_008um_00470_00222-1,PC
s_008um_00439_00218-1,PC
s_008um_00417_00219-1,PC
s_008um_00446_00208-1,PC
s_008um_00420_00213-1,PC
s_008um_00411_00216-1,PC
s_008um_00446_00226-1,PC
s_008um_00467_00232-1,PC
s_008um_00477_00212-1,PC
s_008um_00443_00227-1,PC
s_008um_00444_00212-1,PC
s_008um_00432_00233-1,PC
s_008um_00448_00219-1,PC
s_008um_00425_00205-1,PC
s_008um_00449_00220-1,PC
s_008um_00476_00235-1,PC
s_008um_00466_00230-1,PC
s_008um_00455_00226-1,PC
s_008um_00465_00235-1,PC
s_008um_00477_00214-1,PC
s_008um_00436_00234-1,PC
s_008um_00482_00230-1,PC
s_008um_00442_00229-1,PC
s_008um_00419_00208-1,PC
s_008um_00442_00207-1,PC
s_008um_00410_00215-1,PC
s_008um_00442_00210-1,PC
s_008um_00426_00206-1,PC
s_008um_00428_00206-1,PC
s_008um_00416_00208-1,PC
s_008um_00465_00216-1,PC
s_008um_00472_00224-1,PC
s_008um_00480_00205-1,PC
s_008um_00430_00216-1,PC
s_008um_00451_00220-1,PC
s_008um_00441_00224-1,PC
s_008um_00413_00230-1,PC
s_008um_00414_00227-1,PC
s_008um_00453_00237-1,PC
s_008um_00435_00203-1,PC
s_008um_00427_00218-1,PC
s_008um_00439_00207-1,PC
s_008um_00439_00238-1,PC
s_008um_00424_00232-1,PC
s_008um_00447_00204-1,PC
s_008um_00421_00223-1,PC
s_008um_00476_00216-1,PC
s_008um_00412_00220-1,PC
s_008um_00474_00211-1,PC
s_008um_00412_00203-1,PC
s_008um_00451_00239-1,PC
s_008um_00433_00204-1,PC
s_008um_00439_00229-1,PC
s_008um_00409_00211-1,PC
s_008um_00434_00211-1,PC
s_008um_00419_00219-1,PC
s_008um_00415_00227-1,PC
s_008um_00475_00200-1,PC
s_008um_00424_00210-1,PC
s_008um_00425_00211-1,PC
s_008um_00411_00212-1,PC
s_008um_00472_00223-1,PC
s_008um_00469_00223-1,PC
s_008um_00462_00228-1,PC
s_008um_00424_00236-1,PC
s_008um_00478_00225-1,PC
s_008um_00449_00229-1,PC
s_008um_00410_00224-1,PC
s_008um_00463_00213-1,PC
s_008um_00426_00220-1,PC
s_008um_00483_00226-1,PC
s_008um_00453_00213-1,PC
s_008um_00426_00213-1,PC
s_008um_00454_00220-1,PC
s_008um_00469_00220-1,PC
s_008um_00450_00214-1,PC
s_008um_00457_00241-1,PC
s_008um_00437_00216-1,PC
s_008um_00465_00215-1,PC
s_008um_00481_00214-1,PC
s_008um_00426_00231-1,PC
s_008um_00441_00236-1,PC
s_008um_00481_00223-1,PC
s_008um_00424_00220-1,PC
s_008um_00473_00233-1,PC
s_008um_00411_00213-1,PC
s_008um_00462_00208-1,PC
s_008um_00454_00232-1,PC
s_008um_00475_00199-1,PC
s_008um_00475_00218-1,PC
s_008um_00470_00201-1,PC
s_008um_00477_00207-1,PC
s_008um_00472_00236-1,PC
s_008um_00432_00217-1,PC
s_008um_00439_00209-1,PC
s_008um_00437_00225-1,PC
s_008um_00452_00211-1,PC
s_008um_00433_00237-1,PC
s_008um_00458_00211-1,PC
s_008um_00450_00228-1,PC
s_008um_00431_00211-1,PC
s_008um_00447_00223-1,PC
s_008um_00458_00205-1,PC
s_008um_00437_00205-1,PC
s_008um_00429_00235-1,PC
s_008um_00443_00212-1,PC
s_008um_00423_00203-1,PC
s_008um_00463_00231-1,PC
s_008um_00415_00235-1,PC
s_008um_00414_00224-1,PC
s_008um_00478_00232-1,PC
s_008um_00476_00208-1,PC
s_008um_00430_00225-1,PC
s_008um_00460_00239-1,PC
s_008um_00449_00202-1,PC
s_008um_00454_00215-1,PC
s_008um_00471_00214-1,PC
s_008um_00456_00231-1,PC
s_008um_00469_00238-1,PC
s_008um_00469_00221-1,PC
s_008um_00477_00200-1,PC
s_008um_00444_00213-1,PC
s_008um_00477_00215-1,PC
s_008um_00461_00242-1,PC
s_008um_00457_00226-1,PC
s_008um_00434_00228-1,PC
s_008um_00407_00207-1,PC
s_008um_00468_00227-1,PC
s_008um_00481_00217-1,PC
s_008um_00423_00237-1,PC
s_008um_00480_00211-1,PC
s_008um_00459_00212-1,PC
s_008um_00442_00211-1,PC
s_008um_00458_00219-1,PC
s_008um_00418_00221-1,PC
s_008um_00417_00228-1,PC
s_008um_00465_00224-1,PC
s_008um_00425_00228-1,PC
s_008um_00474_00199-1,PC
s_008um_00446_00234-1,PC
s_008um_00427_00237-1,PC
s_008um_00429_00234-1,PC
s_008um_00468_00212-1,PC
s_008um_00425_00206-1,PC
s_008um_00422_00219-1,PC
s_008um_00446_00216-1,PC
s_008um_00475_00201-1,PC
s_008um_00456_00237-1,PC
s_008um_00475_00234-1,PC
s_008um_00438_00217-1,PC
s_008um_00460_00213-1,PC
s_008um_00427_00215-1,PC
s_008um_00476_00198-1,PC
s_008um_00454_00230-1,PC
s_008um_00415_00228-1,PC
s_008um_00427_00217-1,PC
s_008um_00417_00230-1,PC
s_008um_00481_00219-1,PC
s_008um_00422_00204-1,PC
s_008um_00474_00201-1,PC
s_008um_00451_00212-1,PC
s_008um_00466_00219-1,PC
s_008um_00451_00226-1,PC
s_008um_00456_00218-1,PC
s_008um_00437_00211-1,PC
s_008um_00411_00208-1,PC
s_008um_00432_00220-1,PC
s_008um_00460_00228-1,PC
s_008um_00484_00225-1,PC
s_008um_00424_00227-1,PC
s_008um_00456_00212-1,PC
s_008um_00411_00215-1,PC
s_008um_00446_00209-1,PC
s_008um_00450_00237-1,PC
s_008um_00427_00223-1,PC
s_008um_00428_00216-1,PC
s_008um_00464_00236-1,PC
s_008um_00432_00223-1,PC
s_008um_00434_00220-1,PC
s_008um_00429_00226-1,PC
s_008um_00440_00208-1,PC
s_008um_00462_00236-1,PC
s_008um_00415_00209-1,PC
s_008um_00460_00226-1,PC
s_008um_00421_00216-1,PC
s_008um_00453_00229-1,PC
s_008um_00459_00206-1,PC
s_008um_00454_00208-1,PC
s_008um_00416_00210-1,PC
s_008um_00475_00215-1,PC
s_008um_00440_00220-1,PC
s_008um_00448_00237-1,PC
s_008um_00476_00236-1,PC
s_008um_00473_00235-1,PC
s_008um_00461_00227-1,PC
s_008um_00468_00228-1,PC
s_008um_00459_00221-1,PC
s_008um_00456_00204-1,PC
s_008um_00415_00234-1,PC
s_008um_00450_00220-1,PC
s_008um_00477_00202-1,PC
s_008um_00436_00217-1,PC
s_008um_00437_00234-1,PC
s_008um_00468_00236-1,PC
s_008um_00464_00230-1,PC
s_008um_00447_00228-1,PC
s_008um_00427_00220-1,PC
s_008um_00443_00235-1,PC
s_008um_00461_00232-1,PC
s_008um_00476_00224-1,PC
s_008um_00410_00207-1,PC
s_008um_00444_00206-1,PC
s_008um_00430_00214-1,PC
s_008um_00437_00235-1,PC
s_008um_00464_00239-1,PC
s_008um_00423_00216-1,PC
s_008um_00475_00208-1,PC
s_008um_00476_00211-1,PC
s_008um_00429_00205-1,PC
s_008um_00455_00210-1,PC
s_008um_00455_00234-1,PC
s_008um_00446_00240-1,PC
s_008um_00408_00220-1,PC
s_008um_00410_00202-1,PC
s_008um_00478_00236-1,PC
s_008um_00415_00214-1,PC
s_008um_00412_00222-1,PC
s_008um_00451_00215-1,PC
s_008um_00464_00205-1,PC
s_008um_00466_00240-1,PC
s_008um_00469_00232-1,PC
s_008um_00476_00237-1,PC
s_008um_00442_00235-1,PC
s_008um_00468_00209-1,PC
s_008um_00412_00208-1,PC
s_008um_00409_00213-1,PC
s_008um_00446_00215-1,PC
s_008um_00409_00210-1,PC
s_008um_00443_00207-1,PC
s_008um_00422_00230-1,PC
s_008um_00411_00229-1,PC
s_008um_00435_00236-1,PC
s_008um_00459_00233-1,PC
s_008um_00452_00235-1,PC
s_008um_00442_00208-1,PC
s_008um_00442_00237-1,PC
s_008um_00432_00224-1,PC
s_008um_00458_00228-1,PC
s_008um_00417_00234-1,PC
s_008um_00418_00210-1,PC
s_008um_00459_00226-1,PC
s_008um_00405_00201-1,PC
s_008um_00435_00209-1,PC
s_008um_00456_00239-1,PC
s_008um_00449_00216-1,PC
s_008um_00478_00201-1,PC
s_008um_00412_00227-1,PC
s_008um_00458_00234-1,PC
s_008um_00417_00220-1,PC
s_008um_00449_00240-1,PC
s_008um_00425_00214-1,PC
s_008um_00443_00219-1,PC
s_008um_00450_00202-1,PC
s_008um_00430_00234-1,PC
s_008um_00449_00233-1,PC
s_008um_00411_00227-1,PC
s_008um_00424_00206-1,PC
s_008um_00445_00228-1,PC
s_008um_00409_00227-1,PC
s_008um_00427_00208-1,PC
s_008um_00430_00232-1,PC
s_008um_00406_00208-1,PC
s_008um_00413_00218-1,PC
s_008um_00444_00219-1,PC
s_008um_00477_00227-1,PC
s_008um_00421_00224-1,PC
s_008um_00448_00211-1,PC
s_008um_00432_00236-1,PC
s_008um_00407_00202-1,PC
s_008um_00454_00213-1,PC
s_008um_00412_00224-1,PC
s_008um_00409_00205-1,PC
s_008um_00472_00207-1,PC
s_008um_00473_00236-1,PC
s_008um_00472_00203-1,PC
s_008um_00456_00236-1,PC
s_008um_00447_00220-1,PC
s_008um_00464_00210-1,PC
s_008um_00455_00228-1,PC
s_008um_00459_00219-1,PC
s_008um_00412_00218-1,PC
s_008um_00466_00205-1,PC
s_008um_00466_00231-1,PC
s_008um_00464_00208-1,PC
s_008um_00430_00208-1,PC
s_008um_00436_00227-1,PC
s_008um_00462_00214-1,PC
s_008um_00410_00206-1,PC
s_008um_00443_00238-1,PC
s_008um_00450_00227-1,PC
s_008um_00440_00217-1,PC
s_008um_00481_00216-1,PC
s_008um_00478_00229-1,PC
s_008um_00410_00205-1,PC
s_008um_00418_00232-1,PC
s_008um_00418_00226-1,PC
s_008um_00413_00220-1,PC
s_008um_00470_00238-1,PC
s_008um_00430_00211-1,PC
s_008um_00412_00210-1,PC
s_008um_00460_00218-1,PC
s_008um_00442_00217-1,PC
s_008um_00452_00237-1,PC
s_008um_00422_00206-1,PC
s_008um_00454_00236-1,PC
s_008um_00436_00238-1,PC
s_008um_00453_00202-1,PC
s_008um_00445_00223-1,PC
s_008um_00408_00212-1,PC
s_008um_00418_00214-1,PC
s_008um_00455_00203-1,PC
s_008um_00415_00205-1,PC
s_008um_00424_00221-1,PC
s_008um_00458_00238-1,PC
s_008um_00454_00218-1,PC
s_008um_00441_00210-1,PC
s_008um_00450_00204-1,PC
s_008um_00414_00225-1,PC
s_008um_00466_00226-1,PC
s_008um_00482_00215-1,PC
s_008um_00453_00203-1,PC
s_008um_00462_00209-1,PC
s_008um_00419_00221-1,PC
s_008um_00434_00207-1,PC
s_008um_00441_00212-1,PC
s_008um_00452_00241-1,PC
s_008um_00413_00232-1,PC
s_008um_00482_00227-1,PC
s_008um_00426_00217-1,PC
s_008um_00434_00212-1,PC
s_008um_00437_00207-1,PC
s_008um_00414_00226-1,PC
s_008um_00482_00221-1,PC
s_008um_00440_00213-1,PC
s_008um_00443_00215-1,PC
s_008um_00480_00229-1,PC
s_008um_00432_00229-1,PC
s_008um_00434_00209-1,PC
s_008um_00415_00215-1,PC
s_008um_00451_00237-1,PC
s_008um_00473_00229-1,PC
s_008um_00456_00234-1,PC
s_008um_00423_00232-1,PC
s_008um_00417_00214-1,PC
s_008um_00441_00238-1,PC
s_008um_00471_00204-1,PC
s_008um_00449_00210-1,PC
s_008um_00432_00230-1,PC
s_008um_00430_00212-1,PC
s_008um_00458_00222-1,PC
s_008um_00467_00208-1,PC
s_008um_00478_00205-1,PC
s_008um_00440_00214-1,PC
s_008um_00408_00211-1,PC
s_008um_00431_00204-1,PC
s_008um_00434_00216-1,PC
s_008um_00479_00229-1,PC
s_008um_00463_00238-1,PC
s_008um_00447_00224-1,PC
s_008um_00473_00216-1,PC
s_008um_00458_00218-1,PC
s_008um_00468_00237-1,PC
s_008um_00426_00204-1,PC
s_008um_00407_00205-1,PC
s_008um_00464_00221-1,PC
s_008um_00467_00203-1,PC
s_008um_00433_00213-1,PC
s_008um_00414_00216-1,PC
s_008um_00480_00202-1,PC
s_008um_00429_00216-1,PC
s_008um_00456_00235-1,PC
s_008um_00459_00211-1,PC
s_008um_00428_00214-1,PC
s_008um_00415_00208-1,PC
s_008um_00414_00222-1,PC
s_008um_00415_00226-1,PC
s_008um_00413_00223-1,PC
s_008um_00450_00234-1,PC
s_008um_00414_00205-1,PC
s_008um_00414_00231-1,PC
s_008um_00418_00229-1,PC
s_008um_00449_00227-1,PC
s_008um_00470_00224-1,PC
s_008um_00408_00215-1,PC
s_008um_00454_00210-1,PC
s_008um_00465_00225-1,PC
s_008um_00444_00239-1,PC
s_008um_00434_00237-1,PC
s_008um_00414_00203-1,PC
s_008um_00462_00206-1,PC
s_008um_00474_00212-1,PC
s_008um_00480_00215-1,PC
s_008um_00430_00218-1,PC
s_008um_00425_00222-1,PC
s_008um_00461_00208-1,PC
s_008um_00476_00210-1,PC
s_008um_00439_00206-1,PC
s_008um_00437_00217-1,PC
s_008um_00433_00210-1,PC
s_008um_00453_00214-1,PC
s_008um_00469_00235-1,PC
s_008um_00429_00219-1,PC
s_008um_00452_00219-1,PC
s_008um_00434_00221-1,PC
s_008um_00411_00206-1,PC
s_008um_00450_00207-1,PC
s_008um_00418_00222-1,PC
s_008um_00444_00236-1,PC
s_008um_00468_00225-1,PC
s_008um_00409_00221-1,PC
s_008um_00421_00209-1,PC
s_008um_00442_00227-1,PC
s_008um_00445_00220-1,PC
s_008um_00470_00204-1,PC
s_008um_00408_00217-1,PC
s_008um_00422_00223-1,PC
s_008um_00420_00206-1,PC
s_008um_00476_00202-1,PC
s_008um_00453_00223-1,PC
s_008um_00481_00198-1,PC
s_008um_00448_00209-1,PC
s_008um_00433_00227-1,PC
s_008um_00467_00210-1,PC
s_008um_00471_00206-1,PC
s_008um_00427_00233-1,PC
s_008um_00417_00232-1,PC
s_008um_00483_00229-1,PC
s_008um_00463_00235-1,PC
s_008um_00440_00228-1,PC
s_008um_00421_00211-1,PC
s_008um_00457_00211-1,PC
s_008um_00424_00214-1,PC
s_008um_00424_00226-1,PC
s_008um_00474_00236-1,PC
s_008um_00433_00238-1,PC
s_008um_00447_00206-1,PC
s_008um_00474_00232-1,PC
s_008um_00448_00220-1,PC
s_008um_00476_00205-1,PC
s_008um_00448_00202-1,PC
s_008um_00416_00229-1,PC
s_008um_00449_00203-1,PC
s_008um_00453_00228-1,PC
s_008um_00467_00222-1,PC
s_008um_00449_00239-1,PC
s_008um_00476_00217-1,PC
s_008um_00472_00217-1,PC
s_008um_00432_00205-1,PC
s_008um_00466_00223-1,PC
s_008um_00458_00221-1,PC
s_008um_00439_00220-1,PC
s_008um_00442_00228-1,PC
s_008um_00467_00200-1,PC
s_008um_00456_00225-1,PC
s_008um_00474_00230-1,PC
s_008um_00451_00211-1,PC
s_008um_00455_00205-1,PC
s_008um_00463_00204-1,PC
s_008um_00445_00227-1,PC
s_008um_00455_00233-1,PC
s_008um_00424_00235-1,PC
s_008um_00406_00201-1,PC
s_008um_00459_00207-1,PC
s_008um_00435_00232-1,PC
s_008um_00453_00221-1,PC
s_008um_00444_00222-1,PC
s_008um_00475_00217-1,PC
s_008um_00472_00234-1,PC
s_008um_00415_00216-1,PC
s_008um_00478_00215-1,PC
s_008um_00443_00241-1,PC
s_008um_00462_00241-1,PC
s_008um_00428_00222-1,PC
s_008um_00421_00236-1,PC
s_008um_00445_00233-1,PC
s_008um_00465_00208-1,PC
s_008um_00456_00206-1,PC
s_008um_00478_00209-1,PC
s_008um_00472_00208-1,PC
s_008um_00448_00214-1,PC
s_008um_00418_00205-1,PC
s_008um_00431_00231-1,PC
s_008um_00463_00218-1,PC
s_008um_00468_00238-1,PC
s_008um_00470_00235-1,PC
s_008um_00482_00231-1,PC
s_008um_00470_00218-1,PC
s_008um_00444_00214-1,PC
s_008um_00478_00208-1,PC
s_008um_00471_00237-1,PC
s_008um_00422_00217-1,PC
s_008um_00411_00225-1,PC
s_008um_00477_00218-1,PC
s_008um_00433_00217-1,PC
s_008um_00471_00224-1,PC
s_008um_00463_00230-1,PC
s_008um_00419_00214-1,PC
s_008um_00465_00210-1,PC
s_008um_00413_00210-1,PC
s_008um_00454_00229-1,PC
s_008um_00422_00210-1,PC
s_008um_00478_00228-1,PC
s_008um_00446_00227-1,PC
s_008um_00461_00235-1,PC
s_008um_00454_00241-1,PC
s_008um_00477_00225-1,PC
s_008um_00423_00206-1,PC
s_008um_00459_00223-1,PC
s_008um_00472_00226-1,PC
s_008um_00435_00206-1,PC
s_008um_00473_00227-1,PC
s_008um_00459_00203-1,PC
s_008um_00475_00236-1,PC
s_008um_00443_00214-1,PC
s_008um_00414_00232-1,PC
s_008um_00438_00215-1,PC
s_008um_00442_00234-1,PC
s_008um_00472_00238-1,PC
s_008um_00453_00220-1,PC
s_008um_00476_00214-1,PC
s_008um_00456_00230-1,PC
s_008um_00452_00213-1,PC
s_008um_00408_00221-1,PC
s_008um_00481_00231-1,PC
s_008um_00460_00232-1,PC
s_008um_00420_00235-1,PC
s_008um_00453_00210-1,PC
s_008um_00425_00219-1,PC
s_008um_00468_00230-1,PC
s_008um_00470_00210-1,PC
s_008um_00426_00207-1,PC
s_008um_00467_00211-1,PC
s_008um_00417_00231-1,PC
s_008um_00440_00235-1,PC
s_008um_00414_00211-1,PC
s_008um_00407_00204-1,PC
s_008um_00413_00205-1,PC
s_008um_00456_00226-1,PC
s_008um_00426_00215-1,PC
s_008um_00467_00221-1,PC
s_008um_00446_00238-1,PC
s_008um_00477_00222-1,PC
s_008um_00447_00219-1,PC
s_008um_00439_00204-1,PC
s_008um_00458_00232-1,PC
s_008um_00439_00205-1,PC
s_008um_00427_00238-1,PC
s_008um_00478_00221-1,PC
s_008um_00418_00206-1,PC
s_008um_00436_00221-1,PC
s_008um_00481_00204-1,PC
s_008um_00408_00216-1,PC
s_008um_00477_00226-1,PC
s_008um_00435_00228-1,PC
s_008um_00468_00200-1,PC
s_008um_00424_00223-1,PC
s_008um_00478_00226-1,PC
s_008um_00431_00225-1,PC
s_008um_00443_00204-1,PC
s_008um_00409_00204-1,PC
s_008um_00442_00209-1,PC
s_008um_00437_00210-1,PC
s_008um_00426_00234-1,PC
s_008um_00414_00217-1,PC
s_008um_00425_00237-1,PC
s_008um_00468_00220-1,PC
s_008um_00467_00239-1,PC
s_008um_00465_00217-1,PC
s_008um_00454_00211-1,PC
s_008um_00443_00239-1,PC
s_008um_00481_00215-1,PC
s_008um_00432_00227-1,PC
s_008um_00471_00220-1,PC
s_008um_00451_00205-1,PC
s_008um_00440_00204-1,PC
s_008um_00452_00216-1,PC
s_008um_00411_00230-1,PC
s_008um_00478_00204-1,PC
s_008um_00459_00214-1,PC
s_008um_00480_00227-1,PC
s_008um_00405_00203-1,PC
s_008um_00473_00200-1,PC
s_008um_00458_00231-1,PC
s_008um_00428_00227-1,PC
s_008um_00445_00236-1,PC
s_008um_00434_00235-1,PC
s_008um_00428_00213-1,PC
s_008um_00474_00204-1,PC
s_008um_00450_00221-1,PC
s_008um_00418_00204-1,PC
s_008um_00412_00223-1,PC
s_008um_00439_00217-1,PC
s_008um_00426_00232-1,PC
s_008um_00426_00211-1,PC
s_008um_00438_00238-1,PC
s_008um_00464_00225-1,PC
s_008um_00476_00209-1,PC
s_008um_00417_00207-1,PC
s_008um_00483_00222-1,PC
s_008um_00416_00219-1,PC
s_008um_00419_00213-1,PC
s_008um_00424_00211-1,PC
s_008um_00475_00219-1,PC
s_008um_00481_00227-1,PC
s_008um_00456_00241-1,PC
s_008um_00415_00225-1,PC
s_008um_00476_00222-1,PC
s_008um_00468_00203-1,PC
s_008um_00445_00238-1,PC
s_008um_00425_00207-1,PC
s_008um_00439_00210-1,PC
s_008um_00417_00236-1,PC
s_008um_00423_00223-1,PC
s_008um_00478_00230-1,PC
s_008um_00472_00219-1,PC
s_008um_00463_00202-1,PC
s_008um_00479_00202-1,PC
s_008um_00417_00203-1,PC
s_008um_00427_00209-1,PC
s_008um_00442_00226-1,PC
s_008um_00452_00227-1,PC
s_008um_00476_00226-1,PC
s_008um_00413_00217-1,PC
s_008um_00458_00227-1,PC
s_008um_00427_00221-1,PC
s_008um_00449_00226-1,PC
s_008um_00460_00237-1,PC
s_008um_00408_00205-1,PC
s_008um_00484_00230-1,PC
s_008um_00459_00218-1,PC
s_008um_00462_00213-1,PC
s_008um_00429_00230-1,PC
s_008um_00409_00218-1,PC
s_008um_00471_00221-1,PC
s_008um_00457_00209-1,PC
s_008um_00454_00214-1,PC
s_008um_00482_00196-1,PC
s_008um_00463_00220-1,PC
s_008um_00416_00206-1,PC
s_008um_00455_00218-1,PC
s_008um_00437_00218-1,PC
s_008um_00477_00233-1,PC
s_008um_00471_00235-1,PC
s_008um_00437_00221-1,PC
s_008um_00430_00221-1,PC
s_008um_00467_00220-1,PC
s_008um_00432_00228-1,PC
s_008um_00433_00221-1,PC
s_008um_00465_00239-1,PC
s_008um_00416_00212-1,PC
s_008um_00435_00211-1,PC
s_008um_00412_00217-1,PC
s_008um_00419_00205-1,PC
s_008um_00450_00231-1,PC
s_008um_00436_00230-1,PC
s_008um_00466_00236-1,PC
s_008um_00413_00215-1,PC
s_008um_00444_00228-1,PC
s_008um_00425_00232-1,PC
s_008um_00434_00225-1,PC
s_008um_00417_00225-1,PC
s_008um_00445_00214-1,PC
s_008um_00467_00218-1,PC
s_008um_00447_00213-1,PC
s_008um_00413_00202-1,PC
s_008um_00418_00224-1,PC
s_008um_00457_00214-1,PC
s_008um_00460_00241-1,PC
s_008um_00463_00205-1,PC
s_008um_00458_00224-1,PC
s_008um_00467_00201-1,PC
s_008um_00456_00232-1,PC
s_008um_00437_00204-1,PC
s_008um_00465_00206-1,PC
s_008um_00422_00234-1,PC
s_008um_00425_00218-1,PC
s_008um_00420_00205-1,PC
s_008um_00422_00237-1,PC
s_008um_00453_00216-1,PC
s_008um_00408_00219-1,PC
s_008um_00461_00219-1,PC
s_008um_00422_00218-1,PC
s_008um_00424_00234-1,PC
s_008um_00422_00229-1,PC
s_008um_00449_00236-1,PC
s_008um_00453_00236-1,PC
s_008um_00425_00208-1,PC
s_008um_00426_00203-1,PC
s_008um_00477_00229-1,PC
s_008um_00451_00209-1,PC
s_008um_00412_00206-1,PC
s_008um_00448_00208-1,PC
s_008um_00457_00232-1,PC
s_008um_00417_00210-1,PC
s_008um_00464_00224-1,PC
s_008um_00422_00220-1,PC
s_008um_00453_00241-1,PC
