Barcode,Top
s_008um_00112_00133-1,PC
s_008um_00142_00126-1,PC
s_008um_00132_00120-1,PC
s_008um_00151_00133-1,PC
s_008um_00129_00143-1,PC
s_008um_00142_00108-1,PC
s_008um_00142_00112-1,PC
s_008um_00083_00121-1,PC
s_008um_00131_00139-1,PC
s_008um_00137_00125-1,PC
s_008um_00112_00131-1,PC
s_008um_00146_00122-1,PC
s_008um_00138_00138-1,PC
s_008um_00145_00122-1,PC
s_008um_00142_00121-1,PC
s_008um_00090_00134-1,PC
s_008um_00144_00118-1,PC
s_008um_00145_00127-1,PC
s_008um_00138_00121-1,PC
s_008um_00135_00148-1,PC
s_008um_00081_00134-1,PC
s_008um_00117_00147-1,PC
s_008um_00130_00140-1,PC
s_008um_00121_00124-1,PC
s_008um_00088_00144-1,PC
s_008um_00123_00149-1,PC
s_008um_00127_00112-1,PC
s_008um_00122_00127-1,PC
s_008um_00144_00112-1,PC
s_008um_00105_00131-1,PC
s_008um_00104_00145-1,PC
s_008um_00134_00134-1,PC
s_008um_00141_00128-1,PC
s_008um_00136_00131-1,PC
s_008um_00098_00133-1,PC
s_008um_00131_00143-1,PC
s_008um_00101_00136-1,PC
s_008um_00133_00136-1,PC
s_008um_00098_00124-1,PC
s_008um_00137_00122-1,PC
s_008um_00088_00150-1,PC
s_008um_00127_00124-1,PC
s_008um_00102_00138-1,PC
s_008um_00097_00130-1,PC
s_008um_00152_00118-1,PC
s_008um_00111_00144-1,PC
s_008um_00079_00123-1,PC
s_008um_00097_00138-1,PC
s_008um_00149_00129-1,PC
s_008um_00151_00107-1,PC
s_008um_00133_00149-1,PC
s_008um_00094_00138-1,PC
s_008um_00148_00143-1,PC
s_008um_00101_00123-1,PC
s_008um_00137_00150-1,PC
s_008um_00098_00135-1,PC
s_008um_00091_00153-1,PC
s_008um_00119_00115-1,PC
s_008um_00094_00146-1,PC
s_008um_00095_00142-1,PC
s_008um_00151_00119-1,PC
s_008um_00145_00107-1,PC
s_008um_00092_00145-1,PC
s_008um_00140_00117-1,PC
s_008um_00089_00133-1,PC
s_008um_00154_00136-1,PC
s_008um_00103_00137-1,PC
s_008um_00122_00144-1,PC
s_008um_00100_00150-1,PC
s_008um_00106_00137-1,PC
s_008um_00153_00136-1,PC
s_008um_00136_00135-1,PC
s_008um_00087_00145-1,PC
s_008um_00119_00140-1,PC
s_008um_00114_00130-1,PC
s_008um_00117_00123-1,PC
s_008um_00151_00142-1,PC
s_008um_00112_00124-1,PC
s_008um_00123_00145-1,PC
s_008um_00149_00104-1,PC
s_008um_00146_00117-1,PC
s_008um_00093_00129-1,PC
s_008um_00133_00111-1,PC
s_008um_00149_00109-1,PC
s_008um_00102_00121-1,PC
s_008um_00087_00131-1,PC
s_008um_00090_00148-1,PC
s_008um_00143_00144-1,PC
s_008um_00132_00114-1,PC
s_008um_00128_00141-1,PC
s_008um_00121_00135-1,PC
s_008um_00140_00137-1,PC
s_008um_00111_00127-1,PC
s_008um_00127_00130-1,PC
s_008um_00099_00135-1,PC
s_008um_00134_00146-1,PC
s_008um_00136_00137-1,PC
s_008um_00111_00139-1,PC
s_008um_00114_00116-1,PC
s_008um_00142_00148-1,PC
s_008um_00105_00143-1,PC
s_008um_00108_00128-1,PC
s_008um_00147_00125-1,PC
s_008um_00091_00152-1,PC
s_008um_00110_00155-1,PC
s_008um_00143_00136-1,PC
s_008um_00152_00127-1,PC
s_008um_00112_00126-1,PC
s_008um_00112_00123-1,PC
s_008um_00089_00145-1,PC
s_008um_00149_00133-1,PC
s_008um_00139_00117-1,PC
s_008um_00148_00109-1,PC
s_008um_00106_00148-1,PC
s_008um_00137_00128-1,PC
s_008um_00135_00109-1,PC
s_008um_00120_00137-1,PC
s_008um_00129_00118-1,PC
s_008um_00108_00137-1,PC
s_008um_00137_00139-1,PC
s_008um_00098_00145-1,PC
s_008um_00082_00132-1,PC
s_008um_00079_00127-1,PC
s_008um_00151_00105-1,PC
s_008um_00115_00138-1,PC
s_008um_00104_00140-1,PC
s_008um_00089_00140-1,PC
s_008um_00114_00147-1,PC
s_008um_00132_00123-1,PC
s_008um_00152_00141-1,PC
s_008um_00120_00153-1,PC
s_008um_00117_00127-1,PC
s_008um_00092_00129-1,PC
s_008um_00131_00120-1,PC
s_008um_00133_00124-1,PC
s_008um_00137_00121-1,PC
s_008um_00139_00139-1,PC
s_008um_00118_00115-1,PC
s_008um_00109_00120-1,PC
s_008um_00139_00147-1,PC
s_008um_00123_00146-1,PC
s_008um_00118_00119-1,PC
s_008um_00089_00149-1,PC
s_008um_00083_00140-1,PC
s_008um_00136_00123-1,PC
s_008um_00150_00142-1,PC
s_008um_00118_00130-1,PC
s_008um_00131_00142-1,PC
s_008um_00115_00130-1,PC
s_008um_00110_00136-1,PC
s_008um_00087_00128-1,PC
s_008um_00116_00147-1,PC
s_008um_00149_00124-1,PC
s_008um_00134_00120-1,PC
s_008um_00149_00125-1,PC
s_008um_00112_00147-1,PC
s_008um_00107_00148-1,PC
s_008um_00080_00127-1,PC
s_008um_00137_00124-1,PC
s_008um_00108_00127-1,PC
s_008um_00094_00141-1,PC
s_008um_00123_00127-1,PC
s_008um_00094_00134-1,PC
s_008um_00152_00123-1,PC
s_008um_00143_00126-1,PC
s_008um_00114_00135-1,PC
s_008um_00136_00150-1,PC
s_008um_00120_00114-1,PC
s_008um_00126_00137-1,PC
s_008um_00132_00130-1,PC
s_008um_00134_00141-1,PC
s_008um_00131_00140-1,PC
s_008um_00134_00142-1,PC
s_008um_00146_00110-1,PC
s_008um_00102_00137-1,PC
s_008um_00090_00138-1,PC
s_008um_00135_00150-1,PC
s_008um_00124_00118-1,PC
s_008um_00144_00130-1,PC
s_008um_00116_00122-1,PC
s_008um_00128_00117-1,PC
s_008um_00137_00127-1,PC
s_008um_00144_00128-1,PC
s_008um_00114_00142-1,PC
s_008um_00135_00122-1,PC
s_008um_00123_00128-1,PC
s_008um_00116_00151-1,PC
s_008um_00106_00128-1,PC
s_008um_00100_00128-1,PC
s_008um_00088_00130-1,PC
s_008um_00115_00146-1,PC
s_008um_00088_00138-1,PC
s_008um_00107_00144-1,PC
s_008um_00124_00147-1,PC
s_008um_00125_00141-1,PC
s_008um_00115_00118-1,PC
s_008um_00110_00143-1,PC
s_008um_00110_00135-1,PC
s_008um_00120_00146-1,PC
s_008um_00119_00136-1,PC
s_008um_00110_00122-1,PC
s_008um_00117_00144-1,PC
s_008um_00146_00127-1,PC
s_008um_00135_00115-1,PC
s_008um_00100_00149-1,PC
s_008um_00097_00128-1,PC
s_008um_00119_00137-1,PC
s_008um_00087_00127-1,PC
s_008um_00143_00142-1,PC
s_008um_00081_00123-1,PC
s_008um_00151_00144-1,PC
s_008um_00113_00123-1,PC
s_008um_00099_00130-1,PC
s_008um_00130_00145-1,PC
s_008um_00149_00126-1,PC
s_008um_00143_00141-1,PC
s_008um_00116_00128-1,PC
s_008um_00120_00150-1,PC
s_008um_00097_00151-1,PC
s_008um_00131_00125-1,PC
s_008um_00092_00134-1,PC
s_008um_00141_00130-1,PC
s_008um_00094_00142-1,PC
s_008um_00104_00120-1,PC
s_008um_00124_00124-1,PC
s_008um_00148_00129-1,PC
s_008um_00142_00135-1,PC
s_008um_00145_00118-1,PC
s_008um_00094_00144-1,PC
s_008um_00111_00129-1,PC
s_008um_00099_00132-1,PC
s_008um_00152_00131-1,PC
s_008um_00115_00128-1,PC
s_008um_00102_00149-1,PC
s_008um_00128_00142-1,PC
s_008um_00108_00136-1,PC
s_008um_00102_00134-1,PC
s_008um_00103_00139-1,PC
s_008um_00098_00147-1,PC
s_008um_00126_00142-1,PC
s_008um_00109_00128-1,PC
s_008um_00084_00135-1,PC
s_008um_00151_00115-1,PC
s_008um_00090_00128-1,PC
s_008um_00110_00146-1,PC
s_008um_00093_00134-1,PC
s_008um_00112_00120-1,PC
s_008um_00127_00133-1,PC
s_008um_00142_00110-1,PC
s_008um_00144_00121-1,PC
s_008um_00130_00151-1,PC
s_008um_00130_00123-1,PC
s_008um_00105_00155-1,PC
s_008um_00094_00147-1,PC
s_008um_00146_00144-1,PC
s_008um_00133_00137-1,PC
s_008um_00084_00125-1,PC
s_008um_00134_00119-1,PC
s_008um_00093_00152-1,PC
s_008um_00125_00113-1,PC
s_008um_00129_00141-1,PC
s_008um_00145_00124-1,PC
s_008um_00152_00140-1,PC
s_008um_00120_00155-1,PC
s_008um_00130_00127-1,PC
s_008um_00097_00146-1,PC
s_008um_00101_00152-1,PC
s_008um_00088_00127-1,PC
s_008um_00136_00114-1,PC
s_008um_00140_00133-1,PC
s_008um_00151_00109-1,PC
s_008um_00090_00143-1,PC
s_008um_00134_00150-1,PC
s_008um_00105_00125-1,PC
s_008um_00121_00149-1,PC
s_008um_00103_00142-1,PC
s_008um_00097_00122-1,PC
s_008um_00085_00150-1,PC
s_008um_00106_00124-1,PC
s_008um_00118_00151-1,PC
s_008um_00097_00154-1,PC
s_008um_00078_00124-1,PC
s_008um_00152_00114-1,PC
s_008um_00119_00133-1,PC
s_008um_00131_00147-1,PC
s_008um_00099_00152-1,PC
s_008um_00089_00144-1,PC
s_008um_00096_00123-1,PC
s_008um_00122_00129-1,PC
s_008um_00121_00118-1,PC
s_008um_00128_00126-1,PC
s_008um_00100_00121-1,PC
s_008um_00145_00106-1,PC
s_008um_00125_00143-1,PC
s_008um_00107_00124-1,PC
s_008um_00087_00151-1,PC
s_008um_00145_00111-1,PC
s_008um_00111_00150-1,PC
s_008um_00139_00145-1,PC
s_008um_00114_00127-1,PC
s_008um_00081_00120-1,PC
s_008um_00143_00140-1,PC
s_008um_00117_00120-1,PC
s_008um_00088_00145-1,PC
s_008um_00155_00138-1,PC
s_008um_00090_00149-1,PC
s_008um_00132_00116-1,PC
s_008um_00099_00146-1,PC
s_008um_00153_00140-1,PC
s_008um_00137_00114-1,PC
s_008um_00143_00117-1,PC
s_008um_00089_00136-1,PC
s_008um_00100_00147-1,PC
s_008um_00134_00139-1,PC
s_008um_00107_00155-1,PC
s_008um_00105_00141-1,PC
s_008um_00108_00125-1,PC
s_008um_00142_00127-1,PC
s_008um_00137_00115-1,PC
s_008um_00131_00131-1,PC
s_008um_00144_00124-1,PC
s_008um_00134_00114-1,PC
s_008um_00129_00114-1,PC
s_008um_00084_00145-1,PC
s_008um_00097_00145-1,PC
s_008um_00101_00141-1,PC
s_008um_00107_00151-1,PC
s_008um_00084_00140-1,PC
s_008um_00142_00123-1,PC
s_008um_00109_00134-1,PC
s_008um_00082_00123-1,PC
s_008um_00111_00125-1,PC
s_008um_00130_00152-1,PC
s_008um_00145_00109-1,PC
s_008um_00123_00113-1,PC
s_008um_00148_00138-1,PC
s_008um_00082_00125-1,PC
s_008um_00096_00154-1,PC
s_008um_00117_00116-1,PC
s_008um_00117_00126-1,PC
s_008um_00091_00146-1,PC
s_008um_00120_00117-1,PC
s_008um_00104_00141-1,PC
s_008um_00099_00134-1,PC
s_008um_00096_00148-1,PC
s_008um_00113_00148-1,PC
s_008um_00142_00113-1,PC
s_008um_00130_00142-1,PC
s_008um_00144_00131-1,PC
s_008um_00123_00148-1,PC
s_008um_00137_00138-1,PC
s_008um_00091_00135-1,PC
s_008um_00151_00143-1,PC
s_008um_00086_00149-1,PC
s_008um_00132_00148-1,PC
s_008um_00108_00118-1,PC
s_008um_00141_00135-1,PC
s_008um_00147_00145-1,PC
s_008um_00132_00150-1,PC
s_008um_00140_00127-1,PC
s_008um_00140_00145-1,PC
s_008um_00143_00121-1,PC
s_008um_00098_00141-1,PC
s_008um_00149_00105-1,PC
s_008um_00080_00122-1,PC
s_008um_00151_00113-1,PC
s_008um_00138_00133-1,PC
s_008um_00120_00130-1,PC
s_008um_00103_00152-1,PC
s_008um_00097_00134-1,PC
s_008um_00124_00154-1,PC
s_008um_00122_00126-1,PC
s_008um_00126_00123-1,PC
s_008um_00116_00129-1,PC
s_008um_00141_00145-1,PC
s_008um_00105_00120-1,PC
s_008um_00122_00153-1,PC
s_008um_00138_00128-1,PC
s_008um_00099_00148-1,PC
s_008um_00121_00134-1,PC
s_008um_00106_00126-1,PC
s_008um_00128_00139-1,PC
s_008um_00138_00122-1,PC
s_008um_00144_00136-1,PC
s_008um_00105_00153-1,PC
s_008um_00144_00129-1,PC
s_008um_00126_00153-1,PC
s_008um_00143_00129-1,PC
s_008um_00142_00125-1,PC
s_008um_00094_00132-1,PC
s_008um_00090_00127-1,PC
s_008um_00148_00106-1,PC
s_008um_00141_00126-1,PC
s_008um_00086_00128-1,PC
s_008um_00088_00129-1,PC
s_008um_00115_00124-1,PC
s_008um_00137_00132-1,PC
s_008um_00126_00149-1,PC
s_008um_00127_00123-1,PC
s_008um_00137_00148-1,PC
s_008um_00118_00142-1,PC
s_008um_00120_00151-1,PC
s_008um_00102_00141-1,PC
s_008um_00128_00118-1,PC
s_008um_00077_00124-1,PC
s_008um_00109_00129-1,PC
s_008um_00107_00140-1,PC
s_008um_00131_00121-1,PC
s_008um_00105_00124-1,PC
s_008um_00153_00142-1,PC
s_008um_00121_00146-1,PC
s_008um_00118_00128-1,PC
s_008um_00139_00114-1,PC
s_008um_00121_00122-1,PC
s_008um_00093_00124-1,PC
s_008um_00109_00144-1,PC
s_008um_00134_00149-1,PC
s_008um_00112_00153-1,PC
s_008um_00102_00150-1,PC
s_008um_00128_00122-1,PC
s_008um_00119_00117-1,PC
s_008um_00128_00116-1,PC
s_008um_00084_00134-1,PC
s_008um_00123_00138-1,PC
s_008um_00077_00120-1,PC
s_008um_00144_00132-1,PC
s_008um_00133_00121-1,PC
s_008um_00112_00129-1,PC
s_008um_00117_00145-1,PC
s_008um_00101_00148-1,PC
s_008um_00111_00143-1,PC
s_008um_00143_00112-1,PC
s_008um_00135_00141-1,PC
s_008um_00126_00141-1,PC
s_008um_00108_00151-1,PC
s_008um_00145_00126-1,PC
s_008um_00094_00129-1,PC
s_008um_00114_00144-1,PC
s_008um_00093_00143-1,PC
s_008um_00099_00151-1,PC
s_008um_00147_00134-1,PC
s_008um_00147_00146-1,PC
s_008um_00133_00118-1,PC
s_008um_00146_00109-1,PC
s_008um_00116_00135-1,PC
s_008um_00140_00144-1,PC
s_008um_00098_00140-1,PC
s_008um_00098_00129-1,PC
s_008um_00110_00131-1,PC
s_008um_00134_00129-1,PC
s_008um_00083_00135-1,PC
s_008um_00118_00127-1,PC
s_008um_00150_00133-1,PC
s_008um_00097_00144-1,PC
s_008um_00137_00117-1,PC
s_008um_00127_00139-1,PC
s_008um_00136_00110-1,PC
s_008um_00152_00129-1,PC
s_008um_00078_00126-1,PC
s_008um_00138_00120-1,PC
s_008um_00114_00124-1,PC
s_008um_00119_00123-1,PC
s_008um_00117_00131-1,PC
s_008um_00108_00146-1,PC
s_008um_00111_00121-1,PC
s_008um_00118_00146-1,PC
s_008um_00122_00134-1,PC
s_008um_00120_00143-1,PC
s_008um_00138_00135-1,PC
s_008um_00099_00123-1,PC
s_008um_00092_00151-1,PC
s_008um_00139_00128-1,PC
s_008um_00102_00124-1,PC
s_008um_00137_00143-1,PC
s_008um_00080_00126-1,PC
s_008um_00147_00114-1,PC
s_008um_00126_00129-1,PC
s_008um_00101_00124-1,PC
s_008um_00084_00124-1,PC
s_008um_00103_00134-1,PC
s_008um_00129_00120-1,PC
s_008um_00099_00150-1,PC
s_008um_00151_00120-1,PC
s_008um_00131_00144-1,PC
s_008um_00098_00143-1,PC
s_008um_00136_00109-1,PC
s_008um_00098_00144-1,PC
s_008um_00142_00144-1,PC
s_008um_00082_00129-1,PC
s_008um_00104_00135-1,PC
s_008um_00119_00141-1,PC
s_008um_00134_00122-1,PC
s_008um_00099_00149-1,PC
s_008um_00088_00123-1,PC
s_008um_00135_00130-1,PC
s_008um_00102_00120-1,PC
s_008um_00104_00152-1,PC
s_008um_00085_00123-1,PC
s_008um_00113_00145-1,PC
s_008um_00087_00152-1,PC
s_008um_00119_00127-1,PC
s_008um_00100_00143-1,PC
s_008um_00126_00140-1,PC
s_008um_00130_00124-1,PC
s_008um_00147_00142-1,PC
s_008um_00077_00126-1,PC
s_008um_00126_00119-1,PC
s_008um_00082_00130-1,PC
s_008um_00153_00131-1,PC
s_008um_00136_00138-1,PC
s_008um_00117_00117-1,PC
s_008um_00116_00120-1,PC
s_008um_00103_00132-1,PC
s_008um_00142_00111-1,PC
s_008um_00137_00118-1,PC
s_008um_00139_00119-1,PC
s_008um_00138_00140-1,PC
s_008um_00143_00118-1,PC
s_008um_00144_00125-1,PC
s_008um_00109_00151-1,PC
s_008um_00149_00122-1,PC
s_008um_00086_00138-1,PC
s_008um_00132_00122-1,PC
s_008um_00144_00143-1,PC
s_008um_00080_00120-1,PC
s_008um_00111_00146-1,PC
s_008um_00083_00123-1,PC
s_008um_00116_00133-1,PC
s_008um_00097_00149-1,PC
s_008um_00135_00119-1,PC
s_008um_00121_00150-1,PC
s_008um_00148_00110-1,PC
s_008um_00105_00133-1,PC
s_008um_00118_00140-1,PC
s_008um_00146_00129-1,PC
s_008um_00117_00136-1,PC
s_008um_00121_00127-1,PC
s_008um_00143_00139-1,PC
s_008um_00107_00121-1,PC
s_008um_00138_00134-1,PC
s_008um_00111_00151-1,PC
s_008um_00124_00148-1,PC
s_008um_00087_00147-1,PC
s_008um_00148_00139-1,PC
s_008um_00093_00130-1,PC
s_008um_00147_00144-1,PC
s_008um_00118_00122-1,PC
s_008um_00136_00127-1,PC
s_008um_00085_00147-1,PC
s_008um_00140_00128-1,PC
s_008um_00089_00147-1,PC
s_008um_00113_00149-1,PC
s_008um_00118_00149-1,PC
s_008um_00097_00148-1,PC
s_008um_00100_00152-1,PC
s_008um_00146_00147-1,PC
s_008um_00077_00123-1,PC
s_008um_00138_00124-1,PC
s_008um_00097_00135-1,PC
s_008um_00139_00120-1,PC
s_008um_00145_00135-1,PC
s_008um_00143_00119-1,PC
s_008um_00098_00136-1,PC
s_008um_00086_00136-1,PC
s_008um_00120_00127-1,PC
s_008um_00137_00130-1,PC
s_008um_00139_00109-1,PC
s_008um_00103_00141-1,PC
s_008um_00108_00150-1,PC
s_008um_00140_00120-1,PC
s_008um_00123_00117-1,PC
s_008um_00081_00126-1,PC
s_008um_00149_00142-1,PC
s_008um_00097_00147-1,PC
s_008um_00122_00138-1,PC
s_008um_00091_00130-1,PC
s_008um_00140_00114-1,PC
s_008um_00139_00140-1,PC
s_008um_00146_00113-1,PC
s_008um_00086_00130-1,PC
s_008um_00088_00139-1,PC
s_008um_00090_00126-1,PC
s_008um_00130_00136-1,PC
s_008um_00151_00112-1,PC
s_008um_00139_00135-1,PC
s_008um_00144_00142-1,PC
s_008um_00143_00127-1,PC
s_008um_00102_00144-1,PC
s_008um_00097_00126-1,PC
s_008um_00119_00144-1,PC
s_008um_00124_00126-1,PC
s_008um_00093_00147-1,PC
s_008um_00112_00142-1,PC
s_008um_00138_00132-1,PC
s_008um_00137_00116-1,PC
s_008um_00083_00130-1,PC
s_008um_00100_00127-1,PC
s_008um_00120_00147-1,PC
s_008um_00130_00128-1,PC
s_008um_00144_00115-1,PC
s_008um_00116_00136-1,PC
s_008um_00137_00142-1,PC
s_008um_00152_00113-1,PC
s_008um_00127_00149-1,PC
s_008um_00079_00126-1,PC
s_008um_00113_00119-1,PC
s_008um_00101_00149-1,PC
s_008um_00120_00142-1,PC
s_008um_00125_00116-1,PC
s_008um_00101_00140-1,PC
s_008um_00125_00134-1,PC
s_008um_00122_00131-1,PC
s_008um_00141_00148-1,PC
s_008um_00085_00145-1,PC
s_008um_00153_00134-1,PC
s_008um_00116_00140-1,PC
s_008um_00141_00134-1,PC
s_008um_00116_00116-1,PC
s_008um_00131_00151-1,PC
s_008um_00133_00112-1,PC
s_008um_00108_00126-1,PC
s_008um_00114_00143-1,PC
s_008um_00128_00146-1,PC
s_008um_00083_00134-1,PC
s_008um_00094_00151-1,PC
s_008um_00092_00124-1,PC
s_008um_00148_00117-1,PC
s_008um_00135_00147-1,PC
s_008um_00085_00142-1,PC
s_008um_00096_00142-1,PC
s_008um_00095_00149-1,PC
s_008um_00140_00119-1,PC
s_008um_00107_00119-1,PC
s_008um_00094_00145-1,PC
s_008um_00138_00119-1,PC
s_008um_00098_00123-1,PC
s_008um_00131_00134-1,PC
s_008um_00085_00144-1,PC
s_008um_00136_00140-1,PC
s_008um_00104_00154-1,PC
s_008um_00088_00152-1,PC
s_008um_00137_00147-1,PC
s_008um_00105_00129-1,PC
s_008um_00122_00136-1,PC
s_008um_00126_00139-1,PC
s_008um_00129_00139-1,PC
s_008um_00107_00139-1,PC
s_008um_00101_00154-1,PC
s_008um_00098_00151-1,PC
s_008um_00116_00121-1,PC
s_008um_00098_00142-1,PC
s_008um_00114_00146-1,PC
s_008um_00119_00128-1,PC
s_008um_00133_00117-1,PC
s_008um_00136_00130-1,PC
s_008um_00109_00156-1,PC
s_008um_00117_00135-1,PC
s_008um_00102_00125-1,PC
s_008um_00118_00134-1,PC
s_008um_00134_00125-1,PC
s_008um_00126_00131-1,PC
s_008um_00135_00111-1,PC
s_008um_00120_00124-1,PC
s_008um_00114_00156-1,PC
s_008um_00152_00137-1,PC
s_008um_00119_00138-1,PC
s_008um_00118_00131-1,PC
s_008um_00113_00132-1,PC
s_008um_00138_00110-1,PC
s_008um_00137_00146-1,PC
s_008um_00137_00120-1,PC
s_008um_00086_00140-1,PC
s_008um_00098_00131-1,PC
s_008um_00128_00111-1,PC
s_008um_00095_00129-1,PC
s_008um_00127_00120-1,PC
s_008um_00088_00131-1,PC
s_008um_00095_00131-1,PC
s_008um_00138_00142-1,PC
s_008um_00145_00115-1,PC
s_008um_00138_00123-1,PC
s_008um_00128_00131-1,PC
s_008um_00082_00127-1,PC
s_008um_00111_00152-1,PC
s_008um_00102_00123-1,PC
s_008um_00123_00154-1,PC
s_008um_00078_00127-1,PC
s_008um_00130_00125-1,PC
s_008um_00144_00107-1,PC
s_008um_00141_00131-1,PC
s_008um_00148_00123-1,PC
s_008um_00132_00142-1,PC
s_008um_00126_00127-1,PC
s_008um_00105_00119-1,PC
s_008um_00134_00145-1,PC
s_008um_00104_00153-1,PC
s_008um_00113_00146-1,PC
s_008um_00139_00116-1,PC
s_008um_00107_00134-1,PC
s_008um_00140_00116-1,PC
s_008um_00132_00139-1,PC
s_008um_00107_00146-1,PC
s_008um_00122_00120-1,PC
s_008um_00118_00139-1,PC
s_008um_00128_00148-1,PC
s_008um_00103_00123-1,PC
s_008um_00116_00149-1,PC
s_008um_00090_00153-1,PC
s_008um_00137_00131-1,PC
s_008um_00138_00116-1,PC
s_008um_00101_00142-1,PC
s_008um_00132_00137-1,PC
s_008um_00101_00121-1,PC
s_008um_00123_00114-1,PC
s_008um_00112_00117-1,PC
s_008um_00115_00134-1,PC
s_008um_00129_00121-1,PC
s_008um_00137_00108-1,PC
s_008um_00125_00117-1,PC
s_008um_00099_00125-1,PC
s_008um_00086_00147-1,PC
s_008um_00125_00118-1,PC
s_008um_00092_00144-1,PC
s_008um_00120_00134-1,PC
s_008um_00115_00140-1,PC
s_008um_00147_00116-1,PC
s_008um_00118_00136-1,PC
s_008um_00091_00134-1,PC
s_008um_00119_00118-1,PC
s_008um_00090_00123-1,PC
s_008um_00105_00148-1,PC
s_008um_00143_00143-1,PC
s_008um_00110_00119-1,PC
s_008um_00103_00135-1,PC
s_008um_00127_00136-1,PC
s_008um_00130_00148-1,PC
s_008um_00083_00141-1,PC
s_008um_00146_00106-1,PC
s_008um_00091_00151-1,PC
s_008um_00108_00122-1,PC
s_008um_00109_00145-1,PC
s_008um_00147_00123-1,PC
s_008um_00115_00148-1,PC
s_008um_00088_00128-1,PC
s_008um_00076_00122-1,PC
s_008um_00092_00141-1,PC
s_008um_00129_00152-1,PC
s_008um_00141_00107-1,PC
s_008um_00134_00111-1,PC
s_008um_00090_00145-1,PC
s_008um_00132_00119-1,PC
s_008um_00132_00118-1,PC
s_008um_00100_00136-1,PC
s_008um_00119_00119-1,PC
s_008um_00109_00118-1,PC
s_008um_00114_00152-1,PC
s_008um_00120_00115-1,PC
s_008um_00090_00129-1,PC
s_008um_00136_00124-1,PC
s_008um_00115_00156-1,PC
s_008um_00095_00124-1,PC
s_008um_00128_00133-1,PC
s_008um_00088_00125-1,PC
s_008um_00127_00125-1,PC
s_008um_00144_00133-1,PC
s_008um_00111_00135-1,PC
s_008um_00110_00151-1,PC
s_008um_00112_00118-1,PC
s_008um_00110_00154-1,PC
s_008um_00099_00144-1,PC
s_008um_00129_00128-1,PC
s_008um_00132_00115-1,PC
s_008um_00104_00150-1,PC
s_008um_00093_00146-1,PC
s_008um_00128_00134-1,PC
s_008um_00096_00140-1,PC
s_008um_00108_00134-1,PC
s_008um_00152_00126-1,PC
s_008um_00127_00145-1,PC
s_008um_00113_00127-1,PC
s_008um_00087_00139-1,PC
s_008um_00084_00138-1,PC
s_008um_00145_00116-1,PC
s_008um_00105_00154-1,PC
s_008um_00085_00134-1,PC
s_008um_00142_00136-1,PC
s_008um_00118_00133-1,PC
s_008um_00134_00113-1,PC
s_008um_00131_00111-1,PC
s_008um_00110_00148-1,PC
s_008um_00145_00142-1,PC
s_008um_00091_00143-1,PC
s_008um_00091_00127-1,PC
s_008um_00090_00130-1,PC
s_008um_00096_00128-1,PC
s_008um_00101_00137-1,PC
s_008um_00150_00106-1,PC
s_008um_00152_00135-1,PC
s_008um_00100_00148-1,PC
s_008um_00139_00112-1,PC
s_008um_00096_00127-1,PC
s_008um_00127_00142-1,PC
s_008um_00152_00130-1,PC
s_008um_00114_00155-1,PC
s_008um_00146_00140-1,PC
s_008um_00125_00114-1,PC
s_008um_00135_00135-1,PC
s_008um_00092_00125-1,PC
s_008um_00147_00124-1,PC
s_008um_00127_00141-1,PC
s_008um_00138_00131-1,PC
s_008um_00089_00132-1,PC
s_008um_00079_00120-1,PC
s_008um_00086_00129-1,PC
s_008um_00135_00137-1,PC
s_008um_00141_00112-1,PC
s_008um_00130_00150-1,PC
s_008um_00116_00154-1,PC
s_008um_00088_00132-1,PC
s_008um_00150_00135-1,PC
s_008um_00126_00122-1,PC
s_008um_00087_00135-1,PC
s_008um_00098_00153-1,PC
s_008um_00085_00140-1,PC
s_008um_00103_00126-1,PC
s_008um_00110_00133-1,PC
s_008um_00112_00144-1,PC
s_008um_00144_00108-1,PC
s_008um_00133_00134-1,PC
s_008um_00144_00111-1,PC
s_008um_00149_00113-1,PC
s_008um_00116_00152-1,PC
s_008um_00112_00143-1,PC
s_008um_00097_00131-1,PC
s_008um_00129_00147-1,PC
s_008um_00152_00110-1,PC
s_008um_00084_00127-1,PC
s_008um_00126_00150-1,PC
s_008um_00126_00154-1,PC
s_008um_00130_00129-1,PC
s_008um_00143_00134-1,PC
s_008um_00090_00136-1,PC
s_008um_00142_00143-1,PC
s_008um_00108_00147-1,PC
s_008um_00107_00136-1,PC
s_008um_00111_00120-1,PC
s_008um_00118_00155-1,PC
s_008um_00094_00143-1,PC
s_008um_00147_00120-1,PC
s_008um_00123_00123-1,PC
s_008um_00140_00142-1,PC
s_008um_00134_00132-1,PC
s_008um_00111_00154-1,PC
s_008um_00089_00128-1,PC
s_008um_00133_00141-1,PC
s_008um_00141_00139-1,PC
s_008um_00113_00152-1,PC
s_008um_00111_00119-1,PC
s_008um_00119_00126-1,PC
s_008um_00094_00153-1,PC
s_008um_00142_00145-1,PC
s_008um_00108_00143-1,PC
s_008um_00130_00112-1,PC
s_008um_00112_00130-1,PC
s_008um_00123_00144-1,PC
s_008um_00098_00152-1,PC
s_008um_00124_00135-1,PC
s_008um_00106_00133-1,PC
s_008um_00132_00144-1,PC
s_008um_00115_00119-1,PC
s_008um_00117_00138-1,PC
s_008um_00102_00129-1,PC
s_008um_00141_00115-1,PC
s_008um_00144_00116-1,PC
s_008um_00146_00142-1,PC
s_008um_00116_00124-1,PC
s_008um_00148_00145-1,PC
s_008um_00121_00115-1,PC
s_008um_00096_00122-1,PC
s_008um_00095_00139-1,PC
s_008um_00113_00141-1,PC
s_008um_00131_00126-1,PC
s_008um_00086_00146-1,PC
s_008um_00130_00144-1,PC
s_008um_00124_00123-1,PC
s_008um_00102_00143-1,PC
s_008um_00084_00136-1,PC
s_008um_00136_00133-1,PC
s_008um_00148_00146-1,PC
s_008um_00107_00152-1,PC
s_008um_00115_00136-1,PC
s_008um_00080_00132-1,PC
s_008um_00110_00137-1,PC
s_008um_00145_00141-1,PC
s_008um_00132_00151-1,PC
s_008um_00093_00153-1,PC
s_008um_00125_00148-1,PC
s_008um_00123_00141-1,PC
s_008um_00078_00121-1,PC
s_008um_00133_00145-1,PC
s_008um_00087_00140-1,PC
s_008um_00134_00147-1,PC
s_008um_00134_00137-1,PC
s_008um_00086_00141-1,PC
s_008um_00104_00132-1,PC
s_008um_00103_00150-1,PC
s_008um_00092_00143-1,PC
s_008um_00094_00135-1,PC
s_008um_00134_00115-1,PC
s_008um_00150_00118-1,PC
s_008um_00132_00147-1,PC
s_008um_00145_00147-1,PC
s_008um_00108_00141-1,PC
s_008um_00112_00138-1,PC
s_008um_00107_00137-1,PC
s_008um_00118_00132-1,PC
s_008um_00106_00139-1,PC
s_008um_00113_00121-1,PC
s_008um_00142_00147-1,PC
s_008um_00078_00123-1,PC
s_008um_00140_00115-1,PC
s_008um_00138_00136-1,PC
s_008um_00098_00138-1,PC
s_008um_00131_00130-1,PC
s_008um_00156_00138-1,PC
s_008um_00104_00146-1,PC
s_008um_00093_00148-1,PC
s_008um_00104_00149-1,PC
s_008um_00105_00149-1,PC
s_008um_00149_00132-1,PC
s_008um_00114_00153-1,PC
s_008um_00142_00137-1,PC
s_008um_00122_00137-1,PC
s_008um_00123_00121-1,PC
s_008um_00114_00117-1,PC
s_008um_00110_00142-1,PC
s_008um_00136_00120-1,PC
s_008um_00122_00140-1,PC
s_008um_00093_00150-1,PC
s_008um_00120_00119-1,PC
s_008um_00129_00127-1,PC
s_008um_00084_00133-1,PC
s_008um_00149_00117-1,PC
s_008um_00123_00116-1,PC
s_008um_00125_00132-1,PC
s_008um_00117_00141-1,PC
s_008um_00109_00138-1,PC
s_008um_00146_00119-1,PC
s_008um_00107_00154-1,PC
s_008um_00129_00134-1,PC
s_008um_00125_00145-1,PC
s_008um_00125_00120-1,PC
s_008um_00145_00144-1,PC
s_008um_00150_00108-1,PC
s_008um_00124_00113-1,PC
s_008um_00108_00119-1,PC
s_008um_00137_00137-1,PC
s_008um_00096_00137-1,PC
s_008um_00129_00130-1,PC
s_008um_00079_00129-1,PC
s_008um_00084_00143-1,PC
s_008um_00141_00142-1,PC
s_008um_00093_00142-1,PC
s_008um_00103_00125-1,PC
s_008um_00124_00133-1,PC
s_008um_00134_00121-1,PC
s_008um_00101_00139-1,PC
s_008um_00142_00120-1,PC
s_008um_00082_00126-1,PC
s_008um_00126_00126-1,PC
s_008um_00080_00129-1,PC
s_008um_00090_00132-1,PC
s_008um_00149_00140-1,PC
s_008um_00102_00128-1,PC
s_008um_00150_00115-1,PC
s_008um_00150_00104-1,PC
s_008um_00113_00126-1,PC
s_008um_00108_00148-1,PC
s_008um_00129_00138-1,PC
s_008um_00134_00136-1,PC
s_008um_00103_00136-1,PC
s_008um_00107_00126-1,PC
s_008um_00147_00113-1,PC
s_008um_00106_00138-1,PC
s_008um_00133_00129-1,PC
s_008um_00141_00120-1,PC
s_008um_00130_00113-1,PC
s_008um_00144_00122-1,PC
s_008um_00134_00144-1,PC
s_008um_00148_00107-1,PC
s_008um_00132_00121-1,PC
s_008um_00103_00130-1,PC
s_008um_00125_00150-1,PC
s_008um_00105_00137-1,PC
s_008um_00115_00132-1,PC
s_008um_00107_00131-1,PC
s_008um_00125_00123-1,PC
s_008um_00097_00140-1,PC
s_008um_00146_00136-1,PC
s_008um_00095_00136-1,PC
s_008um_00152_00133-1,PC
s_008um_00083_00133-1,PC
s_008um_00108_00132-1,PC
s_008um_00123_00152-1,PC
s_008um_00110_00124-1,PC
s_008um_00117_00133-1,PC
s_008um_00139_00141-1,PC
s_008um_00108_00149-1,PC
s_008um_00151_00140-1,PC
s_008um_00142_00122-1,PC
s_008um_00092_00149-1,PC
s_008um_00143_00116-1,PC
s_008um_00143_00137-1,PC
s_008um_00118_00154-1,PC
s_008um_00107_00130-1,PC
s_008um_00120_00132-1,PC
s_008um_00085_00133-1,PC
s_008um_00091_00138-1,PC
s_008um_00116_00130-1,PC
s_008um_00120_00149-1,PC
s_008um_00115_00133-1,PC
s_008um_00126_00151-1,PC
s_008um_00151_00135-1,PC
s_008um_00106_00140-1,PC
s_008um_00104_00122-1,PC
s_008um_00119_00153-1,PC
s_008um_00129_00123-1,PC
s_008um_00124_00129-1,PC
s_008um_00118_00123-1,PC
s_008um_00136_00143-1,PC
s_008um_00152_00138-1,PC
s_008um_00109_00126-1,PC
s_008um_00142_00119-1,PC
s_008um_00127_00138-1,PC
s_008um_00108_00154-1,PC
s_008um_00120_00120-1,PC
s_008um_00111_00131-1,PC
s_008um_00099_00147-1,PC
s_008um_00096_00124-1,PC
s_008um_00141_00129-1,PC
s_008um_00085_00131-1,PC
s_008um_00153_00138-1,PC
s_008um_00112_00125-1,PC
s_008um_00115_00135-1,PC
s_008um_00098_00126-1,PC
s_008um_00105_00144-1,PC
s_008um_00131_00148-1,PC
s_008um_00097_00125-1,PC
s_008um_00081_00125-1,PC
s_008um_00137_00145-1,PC
s_008um_00148_00104-1,PC
s_008um_00088_00147-1,PC
s_008um_00100_00141-1,PC
s_008um_00128_00147-1,PC
s_008um_00113_00144-1,PC
s_008um_00129_00132-1,PC
s_008um_00116_00144-1,PC
s_008um_00130_00118-1,PC
s_008um_00131_00145-1,PC
s_008um_00118_00135-1,PC
s_008um_00086_00145-1,PC
s_008um_00103_00131-1,PC
s_008um_00127_00117-1,PC
s_008um_00149_00141-1,PC
s_008um_00086_00142-1,PC
s_008um_00114_00136-1,PC
s_008um_00087_00141-1,PC
s_008um_00117_00154-1,PC
s_008um_00130_00149-1,PC
s_008um_00105_00130-1,PC
s_008um_00135_00116-1,PC
s_008um_00129_00135-1,PC
s_008um_00117_00129-1,PC
s_008um_00088_00149-1,PC
s_008um_00145_00114-1,PC
s_008um_00136_00149-1,PC
s_008um_00085_00146-1,PC
s_008um_00112_00135-1,PC
s_008um_00112_00146-1,PC
s_008um_00112_00155-1,PC
s_008um_00099_00126-1,PC
s_008um_00132_00140-1,PC
s_008um_00128_00119-1,PC
s_008um_00102_00135-1,PC
s_008um_00138_00137-1,PC
s_008um_00150_00134-1,PC
s_008um_00133_00110-1,PC
s_008um_00094_00137-1,PC
s_008um_00120_00135-1,PC
s_008um_00124_00134-1,PC
s_008um_00147_00106-1,PC
s_008um_00100_00144-1,PC
s_008um_00111_00122-1,PC
s_008um_00139_00108-1,PC
s_008um_00103_00153-1,PC
s_008um_00112_00128-1,PC
s_008um_00096_00145-1,PC
s_008um_00108_00131-1,PC
s_008um_00121_00131-1,PC
s_008um_00141_00144-1,PC
s_008um_00084_00144-1,PC
s_008um_00145_00138-1,PC
s_008um_00104_00156-1,PC
s_008um_00115_00144-1,PC
s_008um_00089_00150-1,PC
s_008um_00096_00131-1,PC
s_008um_00139_00137-1,PC
s_008um_00118_00117-1,PC
s_008um_00137_00133-1,PC
s_008um_00136_00121-1,PC
s_008um_00088_00146-1,PC
s_008um_00106_00143-1,PC
s_008um_00150_00123-1,PC
s_008um_00118_00148-1,PC
s_008um_00092_00150-1,PC
s_008um_00142_00132-1,PC
s_008um_00091_00133-1,PC
s_008um_00093_00151-1,PC
s_008um_00101_00133-1,PC
s_008um_00109_00141-1,PC
s_008um_00109_00153-1,PC
s_008um_00146_00108-1,PC
s_008um_00095_00133-1,PC
s_008um_00139_00131-1,PC
s_008um_00146_00138-1,PC
s_008um_00131_00117-1,PC
s_008um_00102_00122-1,PC
s_008um_00100_00124-1,PC
s_008um_00122_00118-1,PC
s_008um_00128_00132-1,PC
s_008um_00100_00135-1,PC
s_008um_00113_00150-1,PC
s_008um_00091_00126-1,PC
s_008um_00097_00153-1,PC
s_008um_00116_00118-1,PC
s_008um_00123_00134-1,PC
s_008um_00142_00116-1,PC
s_008um_00114_00134-1,PC
s_008um_00149_00114-1,PC
s_008um_00090_00144-1,PC
s_008um_00079_00128-1,PC
s_008um_00141_00137-1,PC
s_008um_00092_00153-1,PC
s_008um_00104_00124-1,PC
s_008um_00137_00126-1,PC
s_008um_00125_00135-1,PC
s_008um_00123_00126-1,PC
s_008um_00094_00125-1,PC
s_008um_00092_00152-1,PC
s_008um_00148_00134-1,PC
s_008um_00111_00118-1,PC
s_008um_00136_00139-1,PC
s_008um_00130_00120-1,PC
s_008um_00115_00153-1,PC
s_008um_00093_00140-1,PC
s_008um_00104_00133-1,PC
s_008um_00107_00127-1,PC
s_008um_00151_00132-1,PC
s_008um_00115_00154-1,PC
s_008um_00143_00113-1,PC
s_008um_00119_00149-1,PC
s_008um_00145_00133-1,PC
s_008um_00141_00114-1,PC
s_008um_00114_00120-1,PC
s_008um_00115_00122-1,PC
s_008um_00125_00124-1,PC
s_008um_00142_00109-1,PC
s_008um_00109_00140-1,PC
s_008um_00101_00145-1,PC
s_008um_00131_00146-1,PC
s_008um_00113_00143-1,PC
s_008um_00122_00119-1,PC
s_008um_00149_00137-1,PC
s_008um_00145_00128-1,PC
s_008um_00082_00122-1,PC
s_008um_00139_00134-1,PC
s_008um_00120_00125-1,PC
s_008um_00119_00145-1,PC
s_008um_00114_00139-1,PC
s_008um_00146_00141-1,PC
s_008um_00152_00115-1,PC
s_008um_00147_00138-1,PC
s_008um_00134_00109-1,PC
s_008um_00135_00131-1,PC
s_008um_00086_00144-1,PC
s_008um_00100_00155-1,PC
s_008um_00129_00144-1,PC
s_008um_00100_00138-1,PC
s_008um_00105_00132-1,PC
s_008um_00143_00133-1,PC
s_008um_00115_00143-1,PC
s_008um_00129_00119-1,PC
s_008um_00104_00155-1,PC
s_008um_00138_00126-1,PC
s_008um_00143_00148-1,PC
s_008um_00108_00129-1,PC
s_008um_00139_00123-1,PC
s_008um_00124_00130-1,PC
s_008um_00105_00123-1,PC
s_008um_00130_00131-1,PC
s_008um_00125_00128-1,PC
s_008um_00133_00135-1,PC
s_008um_00087_00130-1,PC
s_008um_00124_00114-1,PC
s_008um_00107_00129-1,PC
s_008um_00140_00129-1,PC
s_008um_00146_00146-1,PC
s_008um_00103_00145-1,PC
s_008um_00085_00126-1,PC
s_008um_00095_00127-1,PC
s_008um_00133_00127-1,PC
s_008um_00096_00126-1,PC
s_008um_00125_00115-1,PC
s_008um_00106_00135-1,PC
s_008um_00094_00139-1,PC
s_008um_00150_00130-1,PC
s_008um_00153_00135-1,PC
s_008um_00101_00143-1,PC
s_008um_00129_00125-1,PC
s_008um_00118_00145-1,PC
s_008um_00085_00149-1,PC
s_008um_00143_00147-1,PC
s_008um_00091_00140-1,PC
s_008um_00150_00122-1,PC
s_008um_00136_00126-1,PC
s_008um_00128_00123-1,PC
s_008um_00154_00135-1,PC
s_008um_00103_00155-1,PC
s_008um_00140_00147-1,PC
s_008um_00151_00139-1,PC
s_008um_00117_00148-1,PC
s_008um_00110_00134-1,PC
s_008um_00123_00131-1,PC
s_008um_00131_00135-1,PC
s_008um_00123_00147-1,PC
s_008um_00138_00117-1,PC
s_008um_00148_00125-1,PC
s_008um_00126_00115-1,PC
s_008um_00143_00146-1,PC
s_008um_00121_00126-1,PC
s_008um_00117_00125-1,PC
s_008um_00127_00135-1,PC
s_008um_00099_00121-1,PC
s_008um_00147_00122-1,PC
s_008um_00085_00148-1,PC
s_008um_00135_00144-1,PC
s_008um_00149_00123-1,PC
s_008um_00132_00131-1,PC
s_008um_00089_00126-1,PC
s_008um_00132_00133-1,PC
s_008um_00133_00143-1,PC
s_008um_00089_00141-1,PC
s_008um_00152_00122-1,PC
s_008um_00130_00134-1,PC
s_008um_00101_00132-1,PC
s_008um_00117_00153-1,PC
s_008um_00119_00135-1,PC
s_008um_00080_00130-1,PC
s_008um_00137_00129-1,PC
s_008um_00147_00141-1,PC
s_008um_00121_00128-1,PC
s_008um_00117_00140-1,PC
s_008um_00104_00129-1,PC
s_008um_00121_00136-1,PC
s_008um_00128_00129-1,PC
s_008um_00125_00152-1,PC
s_008um_00147_00143-1,PC
s_008um_00151_00130-1,PC
s_008um_00110_00123-1,PC
s_008um_00153_00137-1,PC
s_008um_00109_00132-1,PC
s_008um_00114_00141-1,PC
s_008um_00091_00150-1,PC
s_008um_00105_00146-1,PC
s_008um_00152_00124-1,PC
s_008um_00123_00136-1,PC
s_008um_00134_00143-1,PC
s_008um_00137_00136-1,PC
s_008um_00119_00147-1,PC
s_008um_00140_00140-1,PC
s_008um_00101_00134-1,PC
s_008um_00134_00135-1,PC
s_008um_00144_00120-1,PC
s_008um_00090_00139-1,PC
s_008um_00118_00125-1,PC
s_008um_00132_00129-1,PC
s_008um_00136_00142-1,PC
s_008um_00140_00135-1,PC
s_008um_00087_00125-1,PC
s_008um_00118_00137-1,PC
s_008um_00108_00124-1,PC
s_008um_00150_00121-1,PC
s_008um_00145_00136-1,PC
s_008um_00147_00121-1,PC
s_008um_00109_00133-1,PC
s_008um_00142_00115-1,PC
s_008um_00110_00138-1,PC
s_008um_00144_00123-1,PC
s_008um_00106_00154-1,PC
s_008um_00128_00135-1,PC
s_008um_00155_00137-1,PC
s_008um_00144_00135-1,PC
s_008um_00140_00130-1,PC
s_008um_00129_00116-1,PC
s_008um_00153_00133-1,PC
s_008um_00100_00146-1,PC
s_008um_00075_00122-1,PC
s_008um_00150_00125-1,PC
s_008um_00103_00120-1,PC
s_008um_00150_00144-1,PC
s_008um_00135_00142-1,PC
s_008um_00093_00126-1,PC
s_008um_00111_00145-1,PC
s_008um_00146_00135-1,PC
s_008um_00095_00141-1,PC
s_008um_00114_00137-1,PC
s_008um_00103_00138-1,PC
s_008um_00103_00121-1,PC
s_008um_00138_00145-1,PC
s_008um_00092_00126-1,PC
s_008um_00133_00119-1,PC
s_008um_00106_00125-1,PC
s_008um_00132_00124-1,PC
s_008um_00147_00135-1,PC
s_008um_00119_00150-1,PC
s_008um_00130_00114-1,PC
s_008um_00139_00110-1,PC
s_008um_00086_00125-1,PC
s_008um_00152_00116-1,PC
s_008um_00079_00122-1,PC
s_008um_00129_00129-1,PC
s_008um_00122_00113-1,PC
s_008um_00131_00119-1,PC
s_008um_00122_00121-1,PC
s_008um_00147_00118-1,PC
s_008um_00112_00145-1,PC
s_008um_00127_00126-1,PC
s_008um_00118_00141-1,PC
s_008um_00121_00117-1,PC
s_008um_00124_00116-1,PC
s_008um_00105_00121-1,PC
s_008um_00143_00128-1,PC
s_008um_00143_00115-1,PC
s_008um_00136_00116-1,PC
s_008um_00147_00133-1,PC
s_008um_00126_00148-1,PC
s_008um_00091_00131-1,PC
s_008um_00154_00141-1,PC
s_008um_00100_00142-1,PC
s_008um_00079_00130-1,PC
s_008um_00120_00154-1,PC
s_008um_00113_00139-1,PC
s_008um_00094_00136-1,PC
s_008um_00132_00146-1,PC
s_008um_00122_00151-1,PC
s_008um_00139_00124-1,PC
s_008um_00114_00128-1,PC
s_008um_00120_00144-1,PC
s_008um_00118_00129-1,PC
s_008um_00097_00136-1,PC
s_008um_00119_00154-1,PC
s_008um_00082_00135-1,PC
s_008um_00150_00116-1,PC
s_008um_00115_00137-1,PC
s_008um_00090_00133-1,PC
s_008um_00092_00135-1,PC
s_008um_00120_00133-1,PC
s_008um_00089_00146-1,PC
s_008um_00075_00121-1,PC
s_008um_00143_00111-1,PC
s_008um_00115_00126-1,PC
s_008um_00089_00139-1,PC
s_008um_00087_00148-1,PC
s_008um_00123_00153-1,PC
s_008um_00115_00116-1,PC
s_008um_00126_00132-1,PC
s_008um_00122_00122-1,PC
s_008um_00100_00129-1,PC
s_008um_00099_00124-1,PC
s_008um_00102_00145-1,PC
s_008um_00101_00127-1,PC
s_008um_00128_00138-1,PC
s_008um_00126_00118-1,PC
s_008um_00105_00150-1,PC
s_008um_00100_00125-1,PC
s_008um_00154_00139-1,PC
s_008um_00125_00138-1,PC
s_008um_00149_00127-1,PC
s_008um_00094_00148-1,PC
s_008um_00113_00122-1,PC
s_008um_00121_00133-1,PC
s_008um_00118_00121-1,PC
s_008um_00113_00117-1,PC
s_008um_00133_00122-1,PC
s_008um_00121_00129-1,PC
s_008um_00139_00142-1,PC
s_008um_00140_00146-1,PC
s_008um_00123_00150-1,PC
s_008um_00138_00130-1,PC
s_008um_00125_00131-1,PC
s_008um_00130_00130-1,PC
s_008um_00103_00128-1,PC
s_008um_00113_00147-1,PC
s_008um_00093_00125-1,PC
s_008um_00085_00129-1,PC
s_008um_00109_00119-1,PC
s_008um_00113_00137-1,PC
s_008um_00117_00149-1,PC
s_008um_00131_00114-1,PC
s_008um_00114_00150-1,PC
s_008um_00145_00113-1,PC
s_008um_00096_00152-1,PC
s_008um_00107_00135-1,PC
s_008um_00090_00142-1,PC
s_008um_00139_00146-1,PC
s_008um_00147_00129-1,PC
s_008um_00131_00118-1,PC
s_008um_00099_00143-1,PC
s_008um_00145_00145-1,PC
s_008um_00114_00151-1,PC
s_008um_00143_00110-1,PC
s_008um_00109_00149-1,PC
s_008um_00107_00156-1,PC
s_008um_00139_00138-1,PC
s_008um_00151_00106-1,PC
s_008um_00117_00152-1,PC
s_008um_00130_00139-1,PC
s_008um_00113_00155-1,PC
s_008um_00146_00132-1,PC
s_008um_00084_00139-1,PC
s_008um_00124_00153-1,PC
s_008um_00146_00120-1,PC
s_008um_00110_00139-1,PC
s_008um_00082_00136-1,PC
s_008um_00101_00155-1,PC
s_008um_00130_00126-1,PC
s_008um_00142_00134-1,PC
s_008um_00100_00122-1,PC
s_008um_00147_00139-1,PC
s_008um_00116_00156-1,PC
s_008um_00091_00139-1,PC
s_008um_00088_00143-1,PC
s_008um_00097_00150-1,PC
s_008um_00091_00128-1,PC
s_008um_00092_00131-1,PC
s_008um_00109_00148-1,PC
s_008um_00141_00109-1,PC
s_008um_00148_00144-1,PC
s_008um_00139_00130-1,PC
s_008um_00128_00152-1,PC
s_008um_00112_00156-1,PC
s_008um_00134_00123-1,PC
s_008um_00144_00139-1,PC
s_008um_00091_00147-1,PC
s_008um_00112_00136-1,PC
s_008um_00146_00125-1,PC
s_008um_00103_00147-1,PC
s_008um_00142_00131-1,PC
s_008um_00120_00152-1,PC
s_008um_00127_00134-1,PC
s_008um_00150_00112-1,PC
s_008um_00135_00126-1,PC
s_008um_00136_00113-1,PC
s_008um_00136_00147-1,PC
s_008um_00128_00151-1,PC
s_008um_00096_00129-1,PC
s_008um_00149_00130-1,PC
s_008um_00130_00132-1,PC
s_008um_00089_00135-1,PC
s_008um_00104_00143-1,PC
s_008um_00136_00148-1,PC
s_008um_00148_00142-1,PC
s_008um_00106_00131-1,PC
s_008um_00081_00130-1,PC
s_008um_00090_00124-1,PC
s_008um_00106_00153-1,PC
s_008um_00138_00114-1,PC
s_008um_00115_00145-1,PC
s_008um_00125_00137-1,PC
s_008um_00150_00120-1,PC
s_008um_00116_00117-1,PC
s_008um_00124_00120-1,PC
s_008um_00097_00129-1,PC
s_008um_00079_00125-1,PC
s_008um_00087_00146-1,PC
s_008um_00092_00140-1,PC
s_008um_00084_00122-1,PC
s_008um_00120_00121-1,PC
s_008um_00086_00126-1,PC
s_008um_00140_00126-1,PC
s_008um_00118_00126-1,PC
s_008um_00089_00129-1,PC
s_008um_00141_00123-1,PC
s_008um_00128_00113-1,PC
s_008um_00134_00148-1,PC
s_008um_00122_00145-1,PC
s_008um_00100_00132-1,PC
s_008um_00144_00113-1,PC
s_008um_00084_00129-1,PC
s_008um_00131_00113-1,PC
s_008um_00109_00147-1,PC
s_008um_00125_00151-1,PC
s_008um_00115_00147-1,PC
s_008um_00129_00153-1,PC
s_008um_00131_00127-1,PC
s_008um_00146_00124-1,PC
s_008um_00103_00133-1,PC
s_008um_00127_00151-1,PC
s_008um_00107_00128-1,PC
s_008um_00142_00142-1,PC
s_008um_00093_00137-1,PC
s_008um_00142_00117-1,PC
s_008um_00129_00113-1,PC
s_008um_00089_00137-1,PC
s_008um_00144_00110-1,PC
s_008um_00111_00147-1,PC
s_008um_00116_00123-1,PC
s_008um_00147_00115-1,PC
s_008um_00109_00155-1,PC
s_008um_00126_00146-1,PC
s_008um_00145_00117-1,PC
s_008um_00122_00133-1,PC
s_008um_00138_00149-1,PC
s_008um_00139_00144-1,PC
s_008um_00109_00121-1,PC
s_008um_00079_00124-1,PC
s_008um_00087_00126-1,PC
s_008um_00150_00119-1,PC
s_008um_00145_00105-1,PC
s_008um_00116_00127-1,PC
s_008um_00106_00151-1,PC
s_008um_00149_00110-1,PC
s_008um_00100_00140-1,PC
s_008um_00149_00119-1,PC
s_008um_00083_00132-1,PC
s_008um_00085_00141-1,PC
s_008um_00127_00118-1,PC
s_008um_00091_00149-1,PC
s_008um_00124_00140-1,PC
s_008um_00127_00119-1,PC
s_008um_00141_00121-1,PC
s_008um_00094_00149-1,PC
s_008um_00086_00132-1,PC
s_008um_00116_00141-1,PC
s_008um_00135_00133-1,PC
s_008um_00130_00135-1,PC
s_008um_00141_00110-1,PC
s_008um_00135_00149-1,PC
s_008um_00124_00150-1,PC
s_008um_00088_00126-1,PC
s_008um_00122_00146-1,PC
s_008um_00113_00154-1,PC
s_008um_00122_00114-1,PC
s_008um_00125_00147-1,PC
s_008um_00089_00142-1,PC
s_008um_00127_00152-1,PC
s_008um_00109_00146-1,PC
s_008um_00117_00115-1,PC
s_008um_00117_00119-1,PC
s_008um_00124_00121-1,PC
s_008um_00121_00120-1,PC
s_008um_00111_00141-1,PC
s_008um_00139_00122-1,PC
s_008um_00113_00128-1,PC
s_008um_00083_00139-1,PC
s_008um_00120_00140-1,PC
s_008um_00102_00146-1,PC
s_008um_00105_00126-1,PC
s_008um_00140_00110-1,PC
s_008um_00145_00139-1,PC
s_008um_00138_00118-1,PC
s_008um_00121_00114-1,PC
s_008um_00127_00150-1,PC
s_008um_00098_00125-1,PC
s_008um_00139_00143-1,PC
s_008um_00151_00141-1,PC
s_008um_00149_00107-1,PC
s_008um_00109_00154-1,PC
s_008um_00091_00124-1,PC
s_008um_00122_00152-1,PC
s_008um_00124_00115-1,PC
s_008um_00105_00134-1,PC
s_008um_00095_00146-1,PC
s_008um_00111_00156-1,PC
s_008um_00135_00128-1,PC
s_008um_00128_00130-1,PC
s_008um_00096_00143-1,PC
s_008um_00126_00136-1,PC
s_008um_00150_00109-1,PC
s_008um_00102_00154-1,PC
s_008um_00102_00127-1,PC
s_008um_00110_00149-1,PC
s_008um_00098_00146-1,PC
s_008um_00104_00139-1,PC
s_008um_00141_00147-1,PC
s_008um_00140_00148-1,PC
s_008um_00095_00134-1,PC
s_008um_00085_00127-1,PC
s_008um_00144_00106-1,PC
s_008um_00140_00143-1,PC
s_008um_00100_00154-1,PC
s_008um_00138_00144-1,PC
s_008um_00110_00144-1,PC
s_008um_00146_00114-1,PC
s_008um_00102_00132-1,PC
s_008um_00124_00146-1,PC
s_008um_00138_00108-1,PC
s_008um_00100_00133-1,PC
s_008um_00136_00129-1,PC
s_008um_00144_00109-1,PC
s_008um_00126_00147-1,PC
s_008um_00105_00135-1,PC
s_008um_00076_00121-1,PC
s_008um_00139_00127-1,PC
s_008um_00135_00139-1,PC
s_008um_00129_00149-1,PC
s_008um_00146_00131-1,PC
s_008um_00135_00145-1,PC
s_008um_00122_00142-1,PC
s_008um_00140_00138-1,PC
s_008um_00155_00139-1,PC
s_008um_00151_00111-1,PC
s_008um_00147_00108-1,PC
s_008um_00096_00147-1,PC
s_008um_00090_00147-1,PC
s_008um_00078_00120-1,PC
s_008um_00140_00108-1,PC
s_008um_00128_00143-1,PC
s_008um_00135_00132-1,PC
s_008um_00150_00131-1,PC
s_008um_00102_00152-1,PC
s_008um_00112_00121-1,PC
s_008um_00095_00122-1,PC
s_008um_00080_00125-1,PC
s_008um_00117_00150-1,PC
s_008um_00125_00119-1,PC
s_008um_00087_00129-1,PC
s_008um_00112_00141-1,PC
s_008um_00131_00141-1,PC
s_008um_00130_00115-1,PC
s_008um_00122_00130-1,PC
s_008um_00106_00141-1,PC
s_008um_00147_00110-1,PC
s_008um_00104_00127-1,PC
s_008um_00129_00126-1,PC
s_008um_00127_00114-1,PC
s_008um_00095_00128-1,PC
s_008um_00130_00122-1,PC
s_008um_00127_00153-1,PC
s_008um_00093_00132-1,PC
s_008um_00098_00122-1,PC
s_008um_00139_00148-1,PC
s_008um_00147_00104-1,PC
s_008um_00121_00130-1,PC
s_008um_00132_00126-1,PC
s_008um_00096_00144-1,PC
s_008um_00115_00149-1,PC
s_008um_00150_00111-1,PC
s_008um_00129_00124-1,PC
s_008um_00148_00140-1,PC
s_008um_00085_00125-1,PC
s_008um_00095_00147-1,PC
s_008um_00096_00150-1,PC
s_008um_00114_00129-1,PC
s_008um_00110_00140-1,PC
s_008um_00122_00128-1,PC
s_008um_00122_00124-1,PC
s_008um_00121_00147-1,PC
s_008um_00150_00128-1,PC
s_008um_00119_00146-1,PC
s_008um_00110_00127-1,PC
s_008um_00140_00125-1,PC
s_008um_00102_00139-1,PC
s_008um_00143_00132-1,PC
s_008um_00107_00145-1,PC
s_008um_00113_00136-1,PC
s_008um_00093_00127-1,PC
s_008um_00129_00150-1,PC
s_008um_00102_00147-1,PC
s_008um_00081_00131-1,PC
s_008um_00096_00153-1,PC
s_008um_00118_00144-1,PC
s_008um_00152_00128-1,PC
s_008um_00123_00135-1,PC
s_008um_00087_00137-1,PC
s_008um_00108_00156-1,PC
s_008um_00083_00126-1,PC
s_008um_00103_00124-1,PC
s_008um_00088_00151-1,PC
s_008um_00112_00137-1,PC
s_008um_00147_00131-1,PC
s_008um_00116_00137-1,PC
s_008um_00098_00150-1,PC
s_008um_00128_00144-1,PC
s_008um_00126_00116-1,PC
s_008um_00143_00138-1,PC
s_008um_00136_00128-1,PC
s_008um_00102_00140-1,PC
s_008um_00145_00125-1,PC
s_008um_00095_00138-1,PC
s_008um_00147_00105-1,PC
s_008um_00117_00118-1,PC
s_008um_00109_00142-1,PC
s_008um_00122_00148-1,PC
s_008um_00148_00137-1,PC
s_008um_00147_00117-1,PC
s_008um_00076_00120-1,PC
s_008um_00146_00145-1,PC
s_008um_00118_00118-1,PC
s_008um_00151_00122-1,PC
s_008um_00111_00133-1,PC
s_008um_00145_00110-1,PC
s_008um_00114_00121-1,PC
s_008um_00147_00127-1,PC
s_008um_00113_00124-1,PC
s_008um_00094_00130-1,PC
s_008um_00104_00126-1,PC
s_008um_00147_00112-1,PC
s_008um_00083_00122-1,PC
s_008um_00155_00141-1,PC
s_008um_00093_00138-1,PC
s_008um_00155_00136-1,PC
s_008um_00101_00131-1,PC
s_008um_00134_00138-1,PC
s_008um_00122_00132-1,PC
s_008um_00150_00114-1,PC
s_008um_00146_00133-1,PC
s_008um_00150_00140-1,PC
s_008um_00092_00127-1,PC
s_008um_00143_00125-1,PC
s_008um_00095_00145-1,PC
s_008um_00136_00145-1,PC
s_008um_00097_00142-1,PC
s_008um_00142_00128-1,PC
s_008um_00119_00120-1,PC
s_008um_00152_00132-1,PC
s_008um_00148_00136-1,PC
s_008um_00124_00117-1,PC
s_008um_00104_00148-1,PC
s_008um_00125_00149-1,PC
s_008um_00128_00145-1,PC
s_008um_00096_00149-1,PC
s_008um_00114_00132-1,PC
s_008um_00138_00125-1,PC
s_008um_00135_00121-1,PC
s_008um_00128_00140-1,PC
s_008um_00091_00129-1,PC
s_008um_00081_00129-1,PC
s_008um_00082_00134-1,PC
s_008um_00143_00107-1,PC
s_008um_00100_00126-1,PC
s_008um_00101_00144-1,PC
s_008um_00143_00122-1,PC
s_008um_00125_00121-1,PC
s_008um_00098_00139-1,PC
s_008um_00098_00130-1,PC
s_008um_00128_00136-1,PC
s_008um_00144_00119-1,PC
s_008um_00109_00152-1,PC
s_008um_00146_00112-1,PC
s_008um_00148_00119-1,PC
s_008um_00123_00119-1,PC
s_008um_00121_00116-1,PC
s_008um_00111_00124-1,PC
s_008um_00094_00131-1,PC
s_008um_00133_00130-1,PC
s_008um_00133_00148-1,PC
s_008um_00140_00109-1,PC
s_008um_00088_00133-1,PC
s_008um_00145_00123-1,PC
s_008um_00100_00139-1,PC
s_008um_00094_00128-1,PC
s_008um_00096_00133-1,PC
s_008um_00090_00140-1,PC
s_008um_00149_00112-1,PC
s_008um_00134_00128-1,PC
s_008um_00106_00152-1,PC
s_008um_00116_00134-1,PC
s_008um_00116_00150-1,PC
s_008um_00127_00131-1,PC
s_008um_00081_00132-1,PC
s_008um_00097_00133-1,PC
s_008um_00110_00126-1,PC
s_008um_00120_00126-1,PC
s_008um_00117_00128-1,PC
s_008um_00146_00128-1,PC
s_008um_00123_00124-1,PC
s_008um_00092_00147-1,PC
s_008um_00151_00123-1,PC
s_008um_00088_00148-1,PC
s_008um_00113_00140-1,PC
s_008um_00085_00128-1,PC
s_008um_00110_00128-1,PC
s_008um_00138_00143-1,PC
s_008um_00106_00120-1,PC
s_008um_00113_00135-1,PC
s_008um_00128_00114-1,PC
s_008um_00130_00119-1,PC
s_008um_00092_00139-1,PC
s_008um_00114_00131-1,PC
s_008um_00113_00125-1,PC
s_008um_00152_00143-1,PC
s_008um_00116_00155-1,PC
s_008um_00111_00134-1,PC
s_008um_00099_00141-1,PC
s_008um_00125_00127-1,PC
s_008um_00080_00131-1,PC
s_008um_00106_00150-1,PC
s_008um_00104_00131-1,PC
s_008um_00113_00156-1,PC
s_008um_00101_00129-1,PC
s_008um_00118_00153-1,PC
s_008um_00149_00121-1,PC
s_008um_00108_00139-1,PC
s_008um_00135_00134-1,PC
s_008um_00144_00140-1,PC
s_008um_00099_00145-1,PC
s_008um_00107_00123-1,PC
s_008um_00086_00133-1,PC
s_008um_00112_00139-1,PC
s_008um_00096_00141-1,PC
s_008um_00139_00129-1,PC
s_008um_00126_00145-1,PC
s_008um_00093_00139-1,PC
s_008um_00143_00114-1,PC
s_008um_00103_00148-1,PC
s_008um_00102_00130-1,PC
s_008um_00101_00151-1,PC
s_008um_00141_00132-1,PC
s_008um_00112_00151-1,PC
s_008um_00106_00130-1,PC
s_008um_00130_00121-1,PC
s_008um_00110_00141-1,PC
s_008um_00138_00129-1,PC
s_008um_00135_00124-1,PC
s_008um_00101_00146-1,PC
s_008um_00084_00126-1,PC
s_008um_00149_00139-1,PC
s_008um_00101_00126-1,PC
s_008um_00135_00129-1,PC
s_008um_00129_00142-1,PC
s_008um_00114_00154-1,PC
s_008um_00089_00127-1,PC
s_008um_00141_00127-1,PC
s_008um_00151_00129-1,PC
s_008um_00083_00124-1,PC
s_008um_00093_00123-1,PC
s_008um_00095_00143-1,PC
s_008um_00087_00132-1,PC
s_008um_00136_00111-1,PC
s_008um_00141_00117-1,PC
s_008um_00125_00130-1,PC
s_008um_00130_00117-1,PC
s_008um_00102_00136-1,PC
s_008um_00149_00143-1,PC
s_008um_00108_00152-1,PC
s_008um_00089_00151-1,PC
s_008um_00133_00114-1,PC
s_008um_00110_00150-1,PC
s_008um_00150_00113-1,PC
s_008um_00102_00133-1,PC
s_008um_00096_00136-1,PC
s_008um_00148_00111-1,PC
s_008um_00133_00139-1,PC
s_008um_00132_00125-1,PC
s_008um_00104_00151-1,PC
s_008um_00114_00145-1,PC
s_008um_00154_00142-1,PC
s_008um_00088_00136-1,PC
s_008um_00105_00151-1,PC
s_008um_00095_00123-1,PC
s_008um_00080_00123-1,PC
s_008um_00142_00133-1,PC
s_008um_00141_00122-1,PC
s_008um_00142_00114-1,PC
s_008um_00122_00123-1,PC
s_008um_00135_00118-1,PC
s_008um_00107_00120-1,PC
s_008um_00114_00140-1,PC
s_008um_00145_00132-1,PC
s_008um_00122_00125-1,PC
s_008um_00142_00129-1,PC
s_008um_00130_00111-1,PC
s_008um_00095_00135-1,PC
s_008um_00104_00128-1,PC
s_008um_00119_00121-1,PC
s_008um_00124_00131-1,PC
s_008um_00132_00143-1,PC
s_008um_00086_00131-1,PC
s_008um_00145_00121-1,PC
s_008um_00133_00147-1,PC
s_008um_00125_00125-1,PC
s_008um_00117_00124-1,PC
s_008um_00141_00119-1,PC
s_008um_00122_00150-1,PC
s_008um_00132_00132-1,PC
s_008um_00139_00118-1,PC
s_008um_00148_00135-1,PC
s_008um_00153_00141-1,PC
s_008um_00149_00108-1,PC
s_008um_00146_00130-1,PC
s_008um_00152_00142-1,PC
s_008um_00093_00144-1,PC
s_008um_00116_00148-1,PC
s_008um_00108_00123-1,PC
s_008um_00118_00150-1,PC
s_008um_00111_00130-1,PC
s_008um_00099_00154-1,PC
s_008um_00089_00124-1,PC
s_008um_00150_00126-1,PC
s_008um_00113_00138-1,PC
s_008um_00114_00138-1,PC
s_008um_00120_00136-1,PC
s_008um_00118_00124-1,PC
s_008um_00103_00146-1,PC
s_008um_00141_00124-1,PC
s_008um_00149_00106-1,PC
s_008um_00076_00124-1,PC
s_008um_00116_00125-1,PC
s_008um_00119_00142-1,PC
s_008um_00121_00148-1,PC
s_008um_00081_00122-1,PC
s_008um_00125_00129-1,PC
s_008um_00122_00116-1,PC
s_008um_00124_00142-1,PC
s_008um_00110_00125-1,PC
s_008um_00132_00152-1,PC
s_008um_00142_00124-1,PC
s_008um_00135_00138-1,PC
s_008um_00108_00142-1,PC
s_008um_00151_00117-1,PC
s_008um_00131_00152-1,PC
s_008um_00112_00154-1,PC
s_008um_00089_00134-1,PC
s_008um_00115_00155-1,PC
s_008um_00086_00124-1,PC
s_008um_00134_00133-1,PC
s_008um_00097_00127-1,PC
s_008um_00117_00155-1,PC
s_008um_00105_00147-1,PC
s_008um_00141_00143-1,PC
s_008um_00126_00114-1,PC
s_008um_00118_00147-1,PC
s_008um_00105_00152-1,PC
s_008um_00103_00151-1,PC
s_008um_00105_00156-1,PC
s_008um_00151_00110-1,PC
s_008um_00121_00137-1,PC
s_008um_00142_00107-1,PC
s_008um_00147_00111-1,PC
s_008um_00106_00123-1,PC
s_008um_00081_00133-1,PC
s_008um_00135_00143-1,PC
s_008um_00148_00118-1,PC
s_008um_00087_00136-1,PC
s_008um_00132_00110-1,PC
s_008um_00138_00109-1,PC
s_008um_00149_00136-1,PC
s_008um_00089_00123-1,PC
s_008um_00136_00117-1,PC
s_008um_00099_00133-1,PC
s_008um_00126_00121-1,PC
s_008um_00074_00120-1,PC
s_008um_00104_00144-1,PC
s_008um_00113_00120-1,PC
s_008um_00111_00149-1,PC
s_008um_00143_00120-1,PC
s_008um_00139_00126-1,PC
s_008um_00141_00140-1,PC
s_008um_00101_00147-1,PC
s_008um_00127_00113-1,PC
s_008um_00085_00122-1,PC
s_008um_00109_00131-1,PC
s_008um_00099_00131-1,PC
s_008um_00151_00114-1,PC
s_008um_00124_00119-1,PC
s_008um_00127_00146-1,PC
s_008um_00124_00132-1,PC
s_008um_00106_00119-1,PC
s_008um_00137_00119-1,PC
s_008um_00132_00141-1,PC
s_008um_00133_00126-1,PC
s_008um_00102_00153-1,PC
s_008um_00118_00152-1,PC
s_008um_00108_00140-1,PC
s_008um_00102_00148-1,PC
s_008um_00078_00122-1,PC
s_008um_00121_00121-1,PC
s_008um_00106_00134-1,PC
s_008um_00102_00131-1,PC
s_008um_00077_00121-1,PC
s_008um_00141_00118-1,PC
s_008um_00123_00120-1,PC
s_008um_00130_00116-1,PC
s_008um_00131_00136-1,PC
s_008um_00122_00141-1,PC
s_008um_00132_00111-1,PC
s_008um_00087_00143-1,PC
s_008um_00142_00138-1,PC
s_008um_00129_00112-1,PC
s_008um_00143_00108-1,PC
s_008um_00137_00111-1,PC
s_008um_00105_00139-1,PC
s_008um_00092_00148-1,PC
s_008um_00126_00124-1,PC
s_008um_00114_00123-1,PC
s_008um_00107_00143-1,PC
s_008um_00093_00135-1,PC
s_008um_00130_00141-1,PC
s_008um_00125_00140-1,PC
s_008um_00115_00125-1,PC
s_008um_00099_00153-1,PC
s_008um_00112_00148-1,PC
s_008um_00121_00119-1,PC
s_008um_00091_00136-1,PC
s_008um_00130_00138-1,PC
s_008um_00106_00147-1,PC
s_008um_00111_00155-1,PC
s_008um_00132_00134-1,PC
s_008um_00088_00135-1,PC
s_008um_00151_00131-1,PC
s_008um_00128_00112-1,PC
s_008um_00123_00142-1,PC
s_008um_00135_00146-1,PC
s_008um_00121_00151-1,PC
s_008um_00121_00145-1,PC
s_008um_00140_00141-1,PC
s_008um_00082_00133-1,PC
s_008um_00107_00153-1,PC
s_008um_00143_00124-1,PC
s_008um_00148_00121-1,PC
s_008um_00123_00125-1,PC
s_008um_00083_00137-1,PC
s_008um_00103_00127-1,PC
s_008um_00148_00132-1,PC
s_008um_00112_00132-1,PC
s_008um_00084_00128-1,PC
s_008um_00096_00139-1,PC
s_008um_00125_00153-1,PC
s_008um_00115_00131-1,PC
s_008um_00147_00126-1,PC
s_008um_00148_00124-1,PC
s_008um_00154_00137-1,PC
s_008um_00152_00119-1,PC
s_008um_00151_00138-1,PC
s_008um_00146_00107-1,PC
s_008um_00083_00128-1,PC
s_008um_00128_00120-1,PC
s_008um_00119_00152-1,PC
s_008um_00096_00151-1,PC
s_008um_00099_00140-1,PC
s_008um_00133_00115-1,PC
s_008um_00128_00124-1,PC
s_008um_00103_00154-1,PC
s_008um_00134_00126-1,PC
s_008um_00140_00139-1,PC
s_008um_00129_00111-1,PC
s_008um_00084_00141-1,PC
s_008um_00108_00135-1,PC
s_008um_00133_00140-1,PC
s_008um_00132_00135-1,PC
s_008um_00126_00138-1,PC
s_008um_00099_00139-1,PC
s_008um_00131_00133-1,PC
s_008um_00135_00112-1,PC
s_008um_00086_00150-1,PC
s_008um_00109_00136-1,PC
s_008um_00121_00132-1,PC
s_008um_00127_00115-1,PC
s_008um_00127_00121-1,PC
s_008um_00143_00145-1,PC
s_008um_00108_00145-1,PC
s_008um_00115_00127-1,PC
s_008um_00126_00128-1,PC
s_008um_00096_00134-1,PC
s_008um_00125_00112-1,PC
s_008um_00148_00122-1,PC
s_008um_00096_00125-1,PC
s_008um_00084_00137-1,PC
s_008um_00132_00128-1,PC
s_008um_00148_00141-1,PC
s_008um_00150_00129-1,PC
s_008um_00150_00132-1,PC
s_008um_00127_00127-1,PC
s_008um_00123_00137-1,PC
s_008um_00122_00115-1,PC
s_008um_00086_00134-1,PC
s_008um_00124_00136-1,PC
s_008um_00095_00126-1,PC
s_008um_00144_00146-1,PC
s_008um_00151_00137-1,PC
s_008um_00079_00121-1,PC
s_008um_00133_00138-1,PC
s_008um_00095_00130-1,PC
s_008um_00106_00149-1,PC
s_008um_00110_00130-1,PC
s_008um_00148_00131-1,PC
s_008um_00104_00130-1,PC
s_008um_00124_00143-1,PC
s_008um_00144_00138-1,PC
s_008um_00103_00122-1,PC
s_008um_00090_00131-1,PC
s_008um_00097_00132-1,PC
s_008um_00143_00131-1,PC
s_008um_00138_00139-1,PC
s_008um_00089_00125-1,PC
s_008um_00098_00134-1,PC
s_008um_00130_00137-1,PC
s_008um_00146_00126-1,PC
s_008um_00145_00112-1,PC
s_008um_00107_00149-1,PC
s_008um_00149_00116-1,PC
s_008um_00099_00129-1,PC
s_008um_00119_00139-1,PC
s_008um_00137_00140-1,PC
s_008um_00126_00120-1,PC
s_008um_00117_00130-1,PC
s_008um_00085_00137-1,PC
s_008um_00149_00135-1,PC
s_008um_00133_00120-1,PC
s_008um_00095_00125-1,PC
s_008um_00125_00136-1,PC
s_008um_00086_00137-1,PC
s_008um_00127_00143-1,PC
s_008um_00144_00141-1,PC
s_008um_00136_00141-1,PC
s_008um_00130_00147-1,PC
s_008um_00121_00123-1,PC
s_008um_00138_00148-1,PC
s_008um_00136_00136-1,PC
s_008um_00134_00112-1,PC
s_008um_00111_00123-1,PC
s_008um_00083_00127-1,PC
s_008um_00134_00118-1,PC
s_008um_00075_00120-1,PC
s_008um_00136_00134-1,PC
s_008um_00104_00123-1,PC
s_008um_00119_00116-1,PC
s_008um_00147_00140-1,PC
s_008um_00129_00131-1,PC
s_008um_00116_00119-1,PC
s_008um_00116_00131-1,PC
s_008um_00119_00125-1,PC
s_008um_00102_00155-1,PC
s_008um_00151_00127-1,PC
s_008um_00095_00144-1,PC
s_008um_00153_00139-1,PC
s_008um_00082_00131-1,PC
s_008um_00091_00144-1,PC
s_008um_00133_00150-1,PC
s_008um_00106_00136-1,PC
s_008um_00101_00153-1,PC
s_008um_00146_00118-1,PC
s_008um_00109_00127-1,PC
s_008um_00136_00146-1,PC
s_008um_00094_00124-1,PC
s_008um_00138_00147-1,PC
s_008um_00099_00128-1,PC
s_008um_00135_00117-1,PC
s_008um_00129_00117-1,PC
s_008um_00099_00122-1,PC
s_008um_00133_00131-1,PC
s_008um_00131_00124-1,PC
s_008um_00135_00114-1,PC
s_008um_00129_00148-1,PC
s_008um_00146_00105-1,PC
s_008um_00138_00127-1,PC
s_008um_00149_00118-1,PC
s_008um_00083_00125-1,PC
s_008um_00089_00130-1,PC
s_008um_00087_00124-1,PC
s_008um_00124_00128-1,PC
s_008um_00131_00112-1,PC
s_008um_00100_00131-1,PC
s_008um_00154_00138-1,PC
s_008um_00106_00132-1,PC
s_008um_00094_00152-1,PC
s_008um_00131_00115-1,PC
s_008um_00145_00129-1,PC
s_008um_00134_00116-1,PC
s_008um_00135_00125-1,PC
s_008um_00150_00137-1,PC
s_008um_00114_00122-1,PC
s_008um_00085_00132-1,PC
s_008um_00091_00132-1,PC
s_008um_00113_00151-1,PC
s_008um_00093_00131-1,PC
s_008um_00133_00142-1,PC
s_008um_00090_00150-1,PC
s_008um_00095_00150-1,PC
s_008um_00107_00142-1,PC
s_008um_00145_00146-1,PC
s_008um_00093_00136-1,PC
s_008um_00137_00109-1,PC
s_008um_00111_00140-1,PC
s_008um_00151_00128-1,PC
s_008um_00140_00113-1,PC
s_008um_00090_00151-1,PC
s_008um_00128_00149-1,PC
s_008um_00113_00131-1,PC
s_008um_00134_00151-1,PC
s_008um_00135_00110-1,PC
s_008um_00141_00111-1,PC
s_008um_00118_00120-1,PC
s_008um_00141_00116-1,PC
s_008um_00103_00149-1,PC
s_008um_00130_00146-1,PC
s_008um_00120_00116-1,PC
s_008um_00100_00151-1,PC
s_008um_00110_00153-1,PC
s_008um_00119_00143-1,PC
s_008um_00133_00144-1,PC
s_008um_00127_00147-1,PC
s_008um_00092_00132-1,PC
s_008um_00092_00138-1,PC
s_008um_00092_00146-1,PC
s_008um_00144_00144-1,PC
s_008um_00131_00116-1,PC
s_008um_00140_00121-1,PC
s_008um_00099_00138-1,PC
s_008um_00139_00115-1,PC
s_008um_00147_00137-1,PC
s_008um_00143_00123-1,PC
s_008um_00119_00124-1,PC
s_008um_00146_00121-1,PC
s_008um_00146_00143-1,PC
s_008um_00107_00132-1,PC
s_008um_00138_00113-1,PC
s_008um_00128_00115-1,PC
s_008um_00095_00148-1,PC
s_008um_00088_00142-1,PC
s_008um_00150_00117-1,PC
s_008um_00124_00145-1,PC
s_008um_00152_00117-1,PC
s_008um_00145_00130-1,PC
s_008um_00123_00139-1,PC
s_008um_00092_00128-1,PC
s_008um_00131_00137-1,PC
s_008um_00125_00133-1,PC
s_008um_00089_00131-1,PC
s_008um_00151_00108-1,PC
s_008um_00150_00124-1,PC
s_008um_00141_00113-1,PC
s_008um_00084_00123-1,PC
s_008um_00146_00139-1,PC
s_008um_00140_00132-1,PC
s_008um_00105_00142-1,PC
s_008um_00112_00134-1,PC
s_008um_00120_00122-1,PC
s_008um_00078_00128-1,PC
s_008um_00150_00138-1,PC
s_008um_00133_00151-1,PC
s_008um_00117_00137-1,PC
s_008um_00145_00137-1,PC
s_008um_00132_00112-1,PC
s_008um_00119_00131-1,PC
s_008um_00114_00118-1,PC
s_008um_00119_00155-1,PC
s_008um_00090_00137-1,PC
s_008um_00131_00138-1,PC
s_008um_00086_00139-1,PC
s_008um_00117_00132-1,PC
s_008um_00125_00146-1,PC
s_008um_00110_00121-1,PC
s_008um_00095_00151-1,PC
s_008um_00125_00154-1,PC
s_008um_00106_00144-1,PC
s_008um_00091_00148-1,PC
s_008um_00146_00115-1,PC
s_008um_00152_00134-1,PC
s_008um_00128_00150-1,PC
s_008um_00108_00138-1,PC
s_008um_00117_00142-1,PC
s_008um_00115_00152-1,PC
s_008um_00142_00130-1,PC
s_008um_00147_00128-1,PC
s_008um_00123_00143-1,PC
s_008um_00112_00150-1,PC
s_008um_00097_00123-1,PC
s_008um_00148_00105-1,PC
s_008um_00134_00130-1,PC
s_008um_00095_00137-1,PC
s_008um_00123_00122-1,PC
s_008um_00146_00123-1,PC
s_008um_00088_00124-1,PC
s_008um_00148_00127-1,PC
s_008um_00120_00138-1,PC
s_008um_00087_00142-1,PC
s_008um_00136_00112-1,PC
s_008um_00106_00142-1,PC
s_008um_00133_00123-1,PC
s_008um_00129_00133-1,PC
s_008um_00147_00132-1,PC
s_008um_00136_00132-1,PC
s_008um_00098_00154-1,PC
s_008um_00105_00145-1,PC
s_008um_00093_00141-1,PC
s_008um_00084_00142-1,PC
s_008um_00131_00132-1,PC
s_008um_00098_00148-1,PC
s_008um_00095_00152-1,PC
s_008um_00122_00147-1,PC
s_008um_00134_00117-1,PC
s_008um_00145_00119-1,PC
s_008um_00142_00140-1,PC
s_008um_00148_00133-1,PC
s_008um_00139_00125-1,PC
s_008um_00096_00146-1,PC
s_008um_00107_00141-1,PC
s_008um_00123_00140-1,PC
s_008um_00090_00141-1,PC
s_008um_00120_00129-1,PC
s_008um_00139_00136-1,PC
s_008um_00083_00136-1,PC
s_008um_00110_00152-1,PC
s_008um_00148_00115-1,PC
s_008um_00146_00134-1,PC
s_008um_00106_00122-1,PC
s_008um_00144_00117-1,PC
s_008um_00138_00115-1,PC
s_008um_00153_00132-1,PC
s_008um_00144_00145-1,PC
s_008um_00141_00146-1,PC
s_008um_00085_00138-1,PC
s_008um_00133_00133-1,PC
s_008um_00125_00126-1,PC
s_008um_00149_00128-1,PC
s_008um_00095_00153-1,PC
s_008um_00125_00122-1,PC
s_008um_00105_00122-1,PC
s_008um_00081_00135-1,PC
s_008um_00100_00130-1,PC
s_008um_00148_00114-1,PC
s_008um_00125_00144-1,PC
s_008um_00141_00138-1,PC
s_008um_00115_00139-1,PC
s_008um_00139_00133-1,PC
s_008um_00102_00151-1,PC
s_008um_00144_00137-1,PC
s_008um_00117_00156-1,PC
s_008um_00103_00144-1,PC
s_008um_00117_00143-1,PC
s_008um_00141_00125-1,PC
s_008um_00140_00122-1,PC
s_008um_00120_00123-1,PC
s_008um_00133_00128-1,PC
s_008um_00085_00130-1,PC
s_008um_00137_00135-1,PC
s_008um_00155_00140-1,PC
s_008um_00101_00135-1,PC
s_008um_00104_00147-1,PC
s_008um_00120_00145-1,PC
s_008um_00138_00146-1,PC
s_008um_00151_00124-1,PC
s_008um_00156_00139-1,PC
s_008um_00087_00144-1,PC
s_008um_00128_00153-1,PC
s_008um_00112_00119-1,PC
s_008um_00126_00143-1,PC
s_008um_00121_00139-1,PC
s_008um_00087_00138-1,PC
s_008um_00119_00122-1,PC
s_008um_00154_00140-1,PC
s_008um_00127_00140-1,PC
s_008um_00084_00132-1,PC
s_008um_00102_00142-1,PC
s_008um_00086_00135-1,PC
s_008um_00134_00124-1,PC
s_008um_00119_00132-1,PC
s_008um_00091_00142-1,PC
s_008um_00091_00137-1,PC
s_008um_00078_00125-1,PC
s_008um_00144_00127-1,PC
s_008um_00140_00111-1,PC
s_008um_00109_00137-1,PC
s_008um_00131_00128-1,PC
s_008um_00127_00148-1,PC
s_008um_00087_00134-1,PC
s_008um_00099_00127-1,PC
s_008um_00115_00151-1,PC
s_008um_00120_00131-1,PC
s_008um_00103_00129-1,PC
s_008um_00145_00131-1,PC
s_008um_00103_00156-1,PC
s_008um_00148_00130-1,PC
s_008um_00128_00137-1,PC
s_008um_00150_00110-1,PC
s_008um_00106_00127-1,PC
s_008um_00098_00127-1,PC
s_008um_00111_00138-1,PC
s_008um_00140_00149-1,PC
s_008um_00099_00142-1,PC
s_008um_00149_00120-1,PC
s_008um_00150_00136-1,PC
s_008um_00104_00125-1,PC
s_008um_00149_00131-1,PC
s_008um_00107_00150-1,PC
s_008um_00138_00141-1,PC
s_008um_00110_00156-1,PC
s_008um_00144_00114-1,PC
s_008um_00144_00147-1,PC
s_008um_00150_00107-1,PC
s_008um_00108_00153-1,PC
s_008um_00126_00113-1,PC
s_008um_00115_00123-1,PC
s_008um_00105_00136-1,PC
s_008um_00117_00121-1,PC
s_008um_00085_00136-1,PC
s_008um_00132_00149-1,PC
s_008um_00094_00133-1,PC
s_008um_00101_00138-1,PC
s_008um_00113_00130-1,PC
s_008um_00126_00133-1,PC
s_008um_00091_00141-1,PC
s_008um_00142_00146-1,PC
s_008um_00107_00133-1,PC
s_008um_00112_00140-1,PC
s_008um_00143_00130-1,PC
s_008um_00081_00121-1,PC
s_008um_00111_00126-1,PC
s_008um_00100_00123-1,PC
s_008um_00152_00111-1,PC
s_008um_00121_00141-1,PC
s_008um_00129_00151-1,PC
s_008um_00076_00123-1,PC
s_008um_00119_00129-1,PC
s_008um_00146_00111-1,PC
s_008um_00081_00124-1,PC
s_008um_00109_00139-1,PC
s_008um_00124_00141-1,PC
s_008um_00136_00119-1,PC
s_008um_00089_00148-1,PC
s_008um_00121_00142-1,PC
s_008um_00123_00133-1,PC
s_008um_00124_00151-1,PC
s_008um_00110_00129-1,PC
s_008um_00110_00120-1,PC
s_008um_00086_00148-1,PC
s_008um_00134_00140-1,PC
s_008um_00116_00145-1,PC
s_008um_00134_00131-1,PC
s_008um_00121_00153-1,PC
s_008um_00136_00122-1,PC
s_008um_00135_00140-1,PC
s_008um_00149_00145-1,PC
s_008um_00101_00130-1,PC
s_008um_00105_00128-1,PC
s_008um_00101_00122-1,PC
s_008um_00086_00143-1,PC
s_008um_00127_00132-1,PC
s_008um_00123_00151-1,PC
s_008um_00150_00105-1,PC
s_008um_00137_00113-1,PC
s_008um_00141_00136-1,PC
s_008um_00119_00134-1,PC
s_008um_00104_00142-1,PC
s_008um_00135_00123-1,PC
s_008um_00122_00117-1,PC
s_008um_00085_00139-1,PC
s_008um_00122_00154-1,PC
s_008um_00116_00143-1,PC
s_008um_00129_00140-1,PC
s_008um_00137_00112-1,PC
s_008um_00121_00152-1,PC
s_008um_00088_00137-1,PC
s_008um_00126_00112-1,PC
s_008um_00077_00125-1,PC
s_008um_00131_00129-1,PC
s_008um_00115_00117-1,PC
s_008um_00127_00137-1,PC
s_008um_00117_00146-1,PC
s_008um_00097_00141-1,PC
s_008um_00086_00127-1,PC
s_008um_00124_00149-1,PC
s_008um_00137_00141-1,PC
s_008um_00100_00134-1,PC
s_008um_00117_00151-1,PC
s_008um_00121_00144-1,PC
s_008um_00134_00127-1,PC
s_008um_00095_00140-1,PC
s_008um_00140_00131-1,PC
s_008um_00106_00145-1,PC
s_008um_00106_00129-1,PC
s_008um_00108_00130-1,PC
s_008um_00122_00143-1,PC
s_008um_00107_00138-1,PC
s_008um_00151_00118-1,PC
s_008um_00107_00125-1,PC
s_008um_00080_00128-1,PC
s_008um_00140_00124-1,PC
s_008um_00077_00122-1,PC
s_008um_00140_00112-1,PC
s_008um_00094_00127-1,PC
s_008um_00108_00121-1,PC
s_008um_00124_00137-1,PC
s_008um_00142_00139-1,PC
s_008um_00130_00133-1,PC
s_008um_00132_00127-1,PC
s_008um_00093_00128-1,PC
s_008um_00097_00152-1,PC
s_008um_00124_00122-1,PC
s_008um_00093_00133-1,PC
s_008um_00124_00127-1,PC
s_008um_00148_00108-1,PC
s_008um_00127_00128-1,PC
s_008um_00120_00141-1,PC
s_008um_00102_00126-1,PC
s_008um_00133_00132-1,PC
s_008um_00113_00133-1,PC
s_008um_00096_00135-1,PC
s_008um_00133_00113-1,PC
s_008um_00090_00125-1,PC
s_008um_00112_00127-1,PC
s_008um_00131_00150-1,PC
s_008um_00113_00153-1,PC
s_008um_00081_00128-1,PC
s_008um_00124_00144-1,PC
s_008um_00139_00121-1,PC
s_008um_00138_00112-1,PC
s_008um_00129_00146-1,PC
s_008um_00109_00130-1,PC
s_008um_00126_00152-1,PC
s_008um_00140_00134-1,PC
s_008um_00139_00132-1,PC
s_008um_00099_00137-1,PC
s_008um_00129_00137-1,PC
s_008um_00148_00112-1,PC
s_008um_00113_00134-1,PC
s_008um_00121_00154-1,PC
s_008um_00147_00109-1,PC
s_008um_00087_00149-1,PC
s_008um_00111_00136-1,PC
s_008um_00106_00156-1,PC
s_008um_00127_00116-1,PC
s_008um_00109_00125-1,PC
s_008um_00131_00123-1,PC
s_008um_00109_00123-1,PC
s_008um_00112_00152-1,PC
s_008um_00128_00128-1,PC
s_008um_00096_00132-1,PC
s_008um_00140_00123-1,PC
s_008um_00082_00137-1,PC
s_008um_00097_00143-1,PC
s_008um_00107_00122-1,PC
s_008um_00111_00142-1,PC
s_008um_00151_00134-1,PC
s_008um_00091_00125-1,PC
s_008um_00150_00127-1,PC
s_008um_00085_00124-1,PC
s_008um_00109_00135-1,PC
s_008um_00111_00153-1,PC
s_008um_00137_00123-1,PC
s_008um_00152_00112-1,PC
s_008um_00104_00137-1,PC
s_008um_00151_00126-1,PC
s_008um_00111_00148-1,PC
s_008um_00147_00119-1,PC
s_008um_00151_00116-1,PC
s_008um_00109_00124-1,PC
s_008um_00112_00122-1,PC
s_008um_00143_00106-1,PC
s_008um_00116_00153-1,PC
s_008um_00083_00129-1,PC
s_008um_00120_00128-1,PC
s_008um_00105_00127-1,PC
s_008um_00149_00111-1,PC
s_008um_00107_00147-1,PC
s_008um_00151_00136-1,PC
s_008um_00138_00111-1,PC
s_008um_00104_00138-1,PC
s_008um_00124_00139-1,PC
s_008um_00149_00144-1,PC
s_008um_00092_00133-1,PC
s_008um_00105_00140-1,PC
s_008um_00094_00123-1,PC
s_008um_00118_00116-1,PC
s_008um_00100_00137-1,PC
s_008um_00145_00143-1,PC
s_008um_00141_00108-1,PC
s_008um_00147_00107-1,PC
s_008um_00106_00121-1,PC
s_008um_00123_00129-1,PC
s_008um_00080_00121-1,PC
s_008um_00121_00138-1,PC
s_008um_00137_00149-1,PC
s_008um_00100_00153-1,PC
s_008um_00114_00126-1,PC
s_008um_00114_00133-1,PC
s_008um_00106_00146-1,PC
s_008um_00091_00145-1,PC
s_008um_00132_00138-1,PC
s_008um_00119_00151-1,PC
s_008um_00149_00134-1,PC
s_008um_00114_00125-1,PC
s_008um_00145_00134-1,PC
s_008um_00115_00142-1,PC
s_008um_00092_00137-1,PC
s_008um_00088_00134-1,PC
s_008um_00146_00137-1,PC
s_008um_00125_00142-1,PC
s_008um_00137_00110-1,PC
s_008um_00127_00122-1,PC
s_008um_00136_00118-1,PC
s_008um_00116_00146-1,PC
s_008um_00137_00144-1,PC
s_008um_00142_00141-1,PC
s_008um_00136_00125-1,PC
s_008um_00099_00136-1,PC
s_008um_00082_00124-1,PC
s_008um_00133_00125-1,PC
s_008um_00089_00138-1,PC
s_008um_00103_00143-1,PC
s_008um_00113_00142-1,PC
s_008um_00092_00123-1,PC
s_008um_00145_00108-1,PC
s_008um_00081_00127-1,PC
s_008um_00098_00149-1,PC
s_008um_00126_00135-1,PC
s_008um_00145_00120-1,PC
s_008um_00148_00128-1,PC
s_008um_00116_00138-1,PC
s_008um_00145_00140-1,PC
s_008um_00104_00136-1,PC
s_008um_00087_00150-1,PC
s_008um_00139_00111-1,PC
s_008um_00104_00134-1,PC
s_008um_00118_00143-1,PC
s_008um_00140_00136-1,PC
s_008um_00152_00120-1,PC
s_008um_00152_00121-1,PC
s_008um_00116_00142-1,PC
s_008um_00147_00130-1,PC
s_008um_00089_00152-1,PC
s_008um_00114_00119-1,PC
s_008um_00085_00135-1,PC
s_008um_00100_00145-1,PC
s_008um_00129_00145-1,PC
s_008um_00129_00122-1,PC
s_008um_00084_00131-1,PC
s_008um_00126_00130-1,PC
s_008um_00135_00127-1,PC
s_008um_00111_00132-1,PC
s_008um_00086_00123-1,PC
s_008um_00148_00113-1,PC
s_008um_00132_00113-1,PC
s_008um_00147_00136-1,PC
s_008um_00082_00121-1,PC
s_008um_00135_00113-1,PC
s_008um_00123_00115-1,PC
s_008um_00151_00121-1,PC
s_008um_00121_00140-1,PC
s_008um_00136_00144-1,PC
s_008um_00110_00118-1,PC
s_008um_00105_00138-1,PC
s_008um_00131_00122-1,PC
s_008um_00152_00136-1,PC
s_008um_00092_00142-1,PC
s_008um_00135_00136-1,PC
s_008um_00108_00133-1,PC
s_008um_00103_00140-1,PC
s_008um_00090_00135-1,PC
s_008um_00126_00134-1,PC
s_008um_00116_00139-1,PC
s_008um_00123_00118-1,PC
s_008um_00134_00110-1,PC
s_008um_00096_00130-1,PC
s_008um_00128_00121-1,PC
s_008um_00130_00143-1,PC
s_008um_00120_00148-1,PC
s_008um_00151_00125-1,PC
s_008um_00098_00128-1,PC
s_008um_00143_00109-1,PC
s_008um_00087_00133-1,PC
s_008um_00080_00124-1,PC
s_008um_00083_00131-1,PC
s_008um_00131_00149-1,PC
s_008um_00136_00115-1,PC
s_008um_00117_00139-1,PC
s_008um_00118_00138-1,PC
s_008um_00121_00143-1,PC
s_008um_00120_00118-1,PC
s_008um_00110_00147-1,PC
s_008um_00090_00146-1,PC
s_008um_00123_00130-1,PC
s_008um_00111_00128-1,PC
s_008um_00149_00138-1,PC
s_008um_00148_00120-1,PC
s_008um_00149_00103-1,PC
s_008um_00126_00125-1,PC
s_008um_00112_00149-1,PC
s_008um_00109_00143-1,PC
s_008um_00090_00152-1,PC
s_008um_00110_00132-1,PC
s_008um_00149_00115-1,PC
s_008um_00114_00149-1,PC
s_008um_00082_00128-1,PC
s_008um_00133_00116-1,PC
s_008um_00094_00126-1,PC
s_008um_00143_00135-1,PC
s_008um_00092_00136-1,PC
s_008um_00144_00126-1,PC
s_008um_00092_00130-1,PC
s_008um_00122_00139-1,PC
s_008um_00139_00149-1,PC
s_008um_00140_00118-1,PC
s_008um_00150_00103-1,PC
s_008um_00111_00137-1,PC
s_008um_00115_00121-1,PC
s_008um_00127_00144-1,PC
s_008um_00119_00130-1,PC
s_008um_00089_00143-1,PC
s_008um_00124_00138-1,PC
s_008um_00093_00145-1,PC
s_008um_00113_00118-1,PC
s_008um_00121_00125-1,PC
s_008um_00085_00143-1,PC
s_008um_00125_00139-1,PC
s_008um_00150_00141-1,PC
s_008um_00101_00128-1,PC
s_008um_00123_00132-1,PC
s_008um_00116_00132-1,PC
s_008um_00133_00146-1,PC
s_008um_00096_00138-1,PC
s_008um_00082_00138-1,PC
s_008um_00087_00123-1,PC
s_008um_00083_00138-1,PC
s_008um_00135_00120-1,PC
s_008um_00148_00116-1,PC
s_008um_00148_00126-1,PC
s_008um_00128_00127-1,PC
s_008um_00141_00133-1,PC
s_008um_00122_00149-1,PC
s_008um_00110_00145-1,PC
s_008um_00109_00150-1,PC
s_008um_00084_00130-1,PC
s_008um_00137_00134-1,PC
s_008um_00128_00125-1,PC
s_008um_00109_00122-1,PC
s_008um_00108_00120-1,PC
s_008um_00150_00139-1,PC
s_008um_00124_00125-1,PC
s_008um_00094_00140-1,PC
s_008um_00117_00122-1,PC
s_008um_00088_00141-1,PC
s_008um_00142_00118-1,PC
s_008um_00129_00136-1,PC
s_008um_00141_00141-1,PC
s_008um_00132_00136-1,PC
s_008um_00091_00123-1,PC
s_008um_00115_00141-1,PC
s_008um_00124_00152-1,PC
s_008um_00106_00155-1,PC
s_008um_00104_00121-1,PC
s_008um_00150_00143-1,PC
s_008um_00129_00115-1,PC
s_008um_00101_00125-1,PC
s_008um_00113_00129-1,PC
s_008um_00097_00137-1,PC
s_008um_00152_00139-1,PC
s_008um_00115_00120-1,PC
s_008um_00132_00117-1,PC
s_008um_00152_00125-1,PC
s_008um_00146_00116-1,PC
s_008um_00086_00151-1,PC
s_008um_00117_00134-1,PC
s_008um_00126_00117-1,PC
s_008um_00115_00129-1,PC
s_008um_00122_00135-1,PC
s_008um_00088_00140-1,PC
s_008um_00095_00132-1,PC
s_008um_00114_00148-1,PC
s_008um_00120_00139-1,PC
s_008um_00098_00137-1,PC
s_008um_00098_00132-1,PC
s_008um_00119_00148-1,PC
s_008um_00101_00150-1,PC
s_008um_00144_00134-1,PC
s_008um_00108_00144-1,PC
s_008um_00116_00126-1,PC
s_008um_00115_00150-1,PC
s_008um_00108_00155-1,PC
s_008um_00097_00139-1,PC
s_008um_00094_00150-1,PC
s_008um_00139_00113-1,PC
s_008um_00132_00145-1,PC
s_008um_00127_00129-1,PC
s_008um_00093_00149-1,PC
s_008um_00126_00144-1,PC
s_008um_00097_00124-1,PC
